PODREKAR  Nastja,Yes,,Slovenia,
LIPOVAC  Dean,Yes,,Slovenia,
JORDAN  Sabina,No,,Slovenia,
BURNARD  Michael David,Yes,,Slovenia,
ŠARABON  Nejc,Yes,,Slovenia,
MRISSA  Michael,Yes,,Slovenia,
TOŠIĆ  Aleksandar,Yes,,Slovenia,
HROVATIN  Niki,Yes,,Slovenia,
ASLAM  Sidra,Yes,,Slovenia,
DÁVID Balázs,Yes,,Hungary,Slovenia
HAJDU László,Yes,,Hungary,Slovenia
KRÉSZ Miklós Ferenc,Yes,,Hungary,Slovenia
BRODNIK  Andrej,No,,Slovenia,
KAVŠEK  Branko,No,,Slovenia,
VIČIČ  Jernej,No,,Slovenia,
MANOJLOVIĆ  Denisa,No,,Slovenia,
ZORKO  Martin,No,,Slovenia,
SPUDIĆ  Darjan,No,,Slovenia,
PONNUCHAMY  Veerapandian,Yes,,Slovenia,
ESAKKIMUTHU  Esakkiammal Sudha,Yes,,Slovenia,
MAJSTOROVIĆ  Filip,Yes,,Slovenia,
SEBERA  Václav,Yes,,Slovenia,Czech Republic
MRAK  Maruša,No,,Slovenia,
DOLENEC  Sabina,No,,Slovenia,
WOLF  Marco,No,,Germany,
MARROT  Laetitia Sarah Jennifer,Yes,,Slovenia,
CIPOLLETTA  Sabrina,No,,Italy,
ENTILLI  Lorenza,No,,Italy,
BETTIO  Fabio,No,,Italy,
DE Leo  Diego,Yes,,Slovenia,
TRAJKOVIĆ  Nebojša,No,,Serbia,
KOZINC  Žiga,No,,Slovenia,
SMAJLA  Darjan,Yes,,Slovenia,
PEETERS  Kelly,Yes,,Slovenia,
TAMAYO Tenorio  Angelica,No,,Denmark,
AZAMBUJA  Rafael,No,,United States,
DEVALLANCE  David Brian,Yes,,Slovenia,United States
MCNEEL  Joseph,No,,United States,
GORJAN  Daša,No,,Slovenia,
BABIČ  Jan,No,,Slovenia,
PLEŠA  Jernej,No,,Slovenia,
KOZINC  Žiga,No,,Slovenia,
MOOSES  Kerli,No,,Estonia,
GUARDADO  Diana  et al,No,,Portugal,
KOZINC  Žiga,No,,Slovenia,
MARKOVIĆ  Goran,No,,Croatia,
JANOVKY  Vit,No,,Czech Republic,
PIORECKY  Marek,No,,Czech Republic,
VCELAK  Jan,Yes,,Slovenia,Czech Republic
KROHNE  Nina,No,,Slovenia,
GOMBOC  Vanja,No,,Slovenia,
LAVRIČ  Meta,No,,Slovenia,
PODLOGAR  Tina,No,,Slovenia,
POŠTUVAN  Vita,No,,Slovenia,
ŠEDIVY  Nuša,No,,Slovenia,
KAVKLER  Katja,No,,Slovenia,
HUMAR  Miha,No,,Slovenia,
KRŽIŠNIK  Davor,No,,Slovenia,
TURK  Martina,No,,Slovenia,
TAVZES  Črtomir,Yes,,Slovenia,
GOSTINČAR  Cene,No,,Slovenia,
DŽEROSKI  Sašo,No,,Slovenia,
POPOVIC  Stefan,No,,Slovenia,
PENKO  Ana,No,,Slovenia,
GUNDE-CIMERMAN  Nina,No,,Slovenia,
ZALAR  Polona,No,,Slovenia,
ZERBO ŠPORIN  Dorjana,No,,Slovenia,
KOZINC  Žiga,No,,Slovenia,
PRIJON  Ticijana,No,,Slovenia,
ČEKLIĆ  Urška,No,,Slovenia,
KOZINC  Žiga,No,,Slovenia,
SAJINČIČ  Nežka,Yes,,Slovenia,
SANDAK  Anna Malgorzata,Yes,,Slovenia,
ISTENIČ  Andreja,No,,Slovenia,
SOLMI  Marco,No,,Canada,United Kingdom
ESTRADÉ  Andrés,No,,United Kingdom,Uruguay
THOMPSON  Trevor,No,,United Kingdom,
AGORASTOS  Agorastos,No,,Greece,
RADUA  Joaquim,No,,United Kingdom,Spain
BRAND  Serge,No,,Switzerland,
SOMMER  Iris E,No,,Netherlands,
GUINART  Daniel,No,,United States,Spain
BALAZS  Judit  et al,No,,Hungary,Norway
TRAJKOVIĆ  Nebojša,No,,Serbia,
KOZINC  Žiga,No,,Slovenia,
MANOJLOVIĆ  Denisa,No,,Slovenia,
PROSEN  Mirko,No,,Slovenia,
PLEŠA  Jernej,No,,Slovenia,
KOZINC  Žiga,No,,Slovenia,
ORŁOWSKI  Kazimierz A,No,,Poland,
CHUCHAŁA  Daniel,No,,Poland,
SZCZEPANSKI  Marcin,No,,Poland,
MIGDA  Wojciech,No,,Poland,
WOJNICZ  Wiktoria,No,,Poland,
SANDAK  Jakub Michal,Yes,,Slovenia,
KOZINC  Žiga,No,,Slovenia,
SLAVEC  Ana,Yes,,Slovenia,
STRØMMEN Wie  Sølvi Therese,No,,Norway,
NYRUD  Anders Q,No,,Norway,
HOYOS-MARTINEZ  Pedro L,No,,Spain,France
ISSAOUI  Hamed,No,,France,
HERRERA Diaz  Rene,Yes,,Spain,
LABIDI  Jalel,No,,Spain,
CHARRIER-EL BOUHTOURY  Fatima,No,,France,
EGRI  Péter,No,,Hungary,
DÁVID Balázs,Yes,,Slovenia,
KIS  Tamás,No,,Hungary,
KRÉSZ Miklós Ferenc,Yes,,Slovenia,
KOZINC  Žiga,No,,Slovenia,
BABIČ  Jan,No,,Slovenia,
GONZÁLEZ  Elmeua Marc,No,,Slovenia,
NUNES  Leonel J R,No,,Portugal,
MATIAS  JoÁo C O,No,,Portugal,
LOUREIRO  Liliana M E F,No,,Portugal,
SÁ  Letícia C R,No,,Portugal,
SILVA  Hugo F C,No,,Portugal,
RODRIGUES  Abel M,No,,Portugal,
CAUSER  Thomas P,No,,United States,
DEVALLANCE  David Brian,Yes,,Slovenia,
CIOLKOSZ  Daniel E,No,,United States,
KOZLOVIČ  Peter,No,,Slovenia,
FONDA  Borut,No,,Slovenia,
FONDA  Borut,No,,Slovenia,
BABIČ  Jan,No,,Slovenia,
MARUŠIČ  Jan,No,,Slovenia,
MARKOVIĆ  Goran,No,,Slovenia,
SPUDIĆ  Darjan,No,,Slovenia,
CVITKOVIČ  Robert,No,,Slovenia,
SPUDIĆ  Darjan,No,,Slovenia,
KOZINC  Žiga,No,,Slovenia,
JELUŠIČ  Aleksandra,No,,Serbia,
POPOVIĆ  Tatjana,No,,Serbia,
DIMKIĆ  Ivica,No,,Serbia,
MITROVIĆ  Petar,No,,Serbia,
MIKLAVČIČ VIŠNJEVEC  Ana,No,,Slovenia,
STANKOVIĆ  Slaviša,No,,Serbia,
BERIĆ  Tanja,No,,Serbia,
KAMBIČ  Tim,No,,Slovenia,
HADŽIĆ  Vedran,No,,Slovenia,
LAINŠČAK  Mitja,No,,Slovenia,
KASTELIC  Kaja,Yes,,Slovenia,
PEDIŠIĆ  Željko,No,,Australia,
KASTELIC  Nika,No,,Slovenia,
CHEN  Si-Tong,No,,Australia,
BU  He,No,,China,
HE  Ai,No,,China,
GONG  Na,No,,China,
HUANG  Liuyue,No,,China,
LIANG  Kaixin,No,,China,
MA  Jiani,No,,United Kingdom,
LIU  Yang,No,,China,
CHEN  Si-Tong,No,,China,
XINLI  Chi,No,,China,
KOZINC  Žiga,No,,Slovenia,
KOVČAN  Bogdan,No,,Slovenia,
ŠIMENKO  Jožef,No,,United Kingdom,
PORI  Primož,No,,Slovenia,
VODIČAR  Janez,No,,Slovenia,
HADŽIĆ  Vedran,No,,Slovenia,
KAMBIČ  Tim,No,,Slovenia,
HADŽIĆ  Vedran,No,,Slovenia,
LAINŠČAK  Mitja,No,,Slovenia,
DE Leo  Diego,Yes,,Australia,
GOODFELLOW  Benjamin,No,,Australia,
SILVERMAN  Morton M,No,,United States,
BERMAN  Alan Lee,No,,United States,
MANN  John J,No,,United States,
ARENSMAN  Ella,No,,Ireland,
HAWTON  Keith,No,,United Kingdom,
PHILLIPS  M R,No,,China,United States
VIJAYAKUMAR  Lakshmi,No,,India,
ANDRIESSEN  Karl,No,,Australia,
KÖLVES  Kairi  et al,,,Australia,
LEGAN  Lea,No,,Slovenia,
RETKO  Klara,No,,Slovenia,
KAVČIČ  Maša,No,,Slovenia,
KOSEL  Janez P,No,,Slovenia,
OOHPHAJAI  Faksawat,Yes,,Slovenia,Finland
HERRERA Diaz  Rene,Yes,,Slovenia,Spain
GORDOBIL  Oihana,Yes,,Slovenia,
ROPRET  Polonca,No,,Slovenia,
NOËL  Marion,No,,Switzerland,
DIMITRIOU  Athanasios,No,,United Kingdom,
CHUCHAŁA  Daniel,No,,Poland,
ORŁOWSKI  Kazimierz A,No,,Poland,
EGGERTSSON  Olafur,No,,Iceland,
LANDOWSKI  Michal,No,,Poland,
POOHPHAJAI  Faksawat,Yes,,Slovenia,Finland
SAILER  Michael,No,,Netherlands,
RAUTKARI  Lauri,No,,Finland,
BELT  Tiina,No,,Finland,
FÖLDVÁRI-NAGY  Edit,Yes,,Slovenia,
GOMBOC  Vanja,No,,Slovenia,
KROHNE  Nina,No,,Slovenia,
LAVRIČ  Meta,No,,Slovenia,
PODLOGAR  Tina,No,,Slovenia,
POŠTUVAN  Vita,No,,Slovenia,
ŠEDIVY  Nuša,No,,Slovenia,
NIEMZ  Peter,No,,Switzerland,Sweden
HÄNSEL  Andreas,No,,Germany,
MAI  Juana,No,,Switzerland,Germany
SIMMONS  Amy Noel,Yes,,Slovenia,
HAWGOOD  Jacinta L,No,,Australia,
OWNSWORTH  Tamara,No,,Australia,
MASON  Helen,No,,Australia,
SPENCE  Susan H,No,,Australia,
ARENSMAN  Ella,No,,Australia,Ireland
GROSSELLI  Luna,No,,Germany,
HERZOG  Kristina,No,,Germany,
ASELTINE  Robert H,No,,United States,
BALAZS  Judit,No,,Hungary,Norway
CARLI  Vladimir,No,,Sweden,
CIFFONE  Jerry,No,,United States,
DE Leo  Diego,Yes,,Australia,Slovenia
FELTZ-CORNELIS  Christina M,No,,United Kingdom,
HAWTON  Keith,No,,United Kingdom,
HEGERL  Ulrich,No,,Germany,
KÖLVES  Kairi,No,,Australia,
KUTCHER  Stanley P,No,,Canada,
MEHLUM  Lars,No,,Norway,
NIEDERKROTENTHALER  Thomas,No,,Austria,
REZAEIAN  Mohsen Rezaeian  et al,No,,Iran,
ŽITNIK  Jure,Yes,,Slovenia,
TROŠT  Andrej,No,,Slovenia,
JAMŠEK  Marko,No,,Slovenia,
BABIČ  Jan,No,,Slovenia,
BUKOVSZKI  Viktor,No,,Hungary,
PEČNIK  Jaka Gašper,Yes,,Slovenia,
GAVRIĆ  Igor,Yes,,Slovenia,
SEBERA  Václav,Yes,,Slovenia,
KRŽAN  Meta,No,,Slovenia,
KWIECIEŃ  Arkadiusz,No,,Poland,
ZAJĄC  BogusŁaw,No,,Poland,
AZINOVIĆ  Boris,No,,Slovenia,
KOZINC  Žiga,No,,Slovenia,
ČEKLIĆ  Urška,No,,Slovenia,
KUTNAR  Andreja,Yes,,Slovenia,
O'DELL  Jane,No,,United States,
HUNT  Christopher,No,,United States,
FRIHART  Charles R,No,,United States,
KAMKE  Frederick A,No,,United States,
SCHWARZKOPF  Matthew,Yes,,Slovenia,
KNEZ  Friderik,No,,Slovenia,
URŠIČ  Matija,No,,Slovenia,
KNEZ  Nataša,No,,Slovenia,
FRANKO  Mladen,No,,Slovenia,
ZIDAR  Primož,No,,Slovenia,
ICE  George G,No,,United States,
HALE  V Cody,No,,United States,
LIGHT  Jeffrey T,No,,United States,
MULDOON  Ariel,No,,United States,
KOZINC  Žiga,No,,Slovenia,
PLEŠA  Jernej,No,,Slovenia,
KOZINC  Žiga,No,,Slovenia,
OGRIN  Jan,No,,Slovenia,
KJAER MADSEN  Mads,No,,Denmark,
KERSTING  Uwe,No,,Denmark,Germany
HOLMBERG  Hans-Christer,No,,Sweden,China
SUPEJ  Matej,No,,Slovenia,Sweden
KOZINC  Žiga,No,,Slovenia,
TRAJKOVIĆ  Nebojša,No,,Serbia,
HAWGOOD  Jacinta L,No,,Australia,
DE Leo  Diego  et al,Yes,,Australia,
KOZINC  Žiga,No,,Slovenia,
TRAJKOVIĆ  Nebojša,No,,Serbia,
VERONESE  Nicola,No,,Italy,
GALVANO  Daiana,No,,Italy,
D'ANTIGA  Francesca,No,,Italy,
VECCHIATO  Chiara,No,,Italy,
FUREGON  Eva,No,,Italy,
ALLOCCO  Raffaella,No,,Italy,
SMITH  Lee,No,,United Kingdom,
GELMINI  Giovanni,No,,Italy,
GARERI  Pietro,No,,Italy,
MILITZ  Holger,No,,Germany,
SCHWAGER  Hannes,No,,Germany,
NEYSES  Benedikt,No,,Sweden,
BUCK  Dietrich,No,,Sweden,
RAUTKARI  Lauri,No,,Finland,
SANDBERG  Dick,No,,Sweden,
AZINOVIĆ  Boris,No,,Slovenia,
MILCH  Jaromír,No,,Czech Republic,
HUČ  Sabina,No,,Slovenia,
SMEDS  Annika,No,,Finland,
RAHKILA  Jani,No,,Finland,
WILLFÖR  Stefan,No,,Finland,
KOZINC  Žiga,No,,Slovenia,
BABIČ  Jan,No,,Slovenia,
SEVER  Jernej,No,,Slovenia,
BABIČ  Jan,No,,Slovenia,
KOZINC  Žiga,No,,Slovenia,
SPUDIĆ  Darjan,No,,Slovenia,
TESTONI  Ines,No,,Italy,Israel
PIOL  Silvia,No,,Italy,
HAWGOOD  Jacinta L,No,,Australia,
KRYSINSKA  Karolina,No,,Australia,
MOONEY  Maddeline,No,,Australia,
OZOLS  Ingrid,No,,Australia,
ANDRIESSEN  Karl,No,,Australia,
BETTERRIDGE  Carmen,No,,Australia,
KÖLVES  Kairi,No,,Australia,
KOZINC  Žiga,No,,Slovenia,
PLEŠA  Jernej,No,,Slovenia,
ENTILLI  Lorenza,No,,Australia,Italy
ROSS  Victoria,No,,Australia,
CIPOLLETTA  Sabrina,No,,Italy,
KÖLVES  Kairi,No,,Australia,
AI  Kang,No,,China,
CURTIN  Kimberley,No,,Canada,
CLARK  Cain,No,,United Kingdom,
CHEN  Si-Tong,No,,Australia,
XINLI  Chi,No,,China,
KOZINC  Žiga,No,,Slovenia,
LAVRIČ  Meta,No,,Slovenia,
GOMBOC  Vanja,No,,Slovenia,
KROHNE  Nina,No,,Slovenia,
PODLOGAR  Tina,No,,Slovenia,
POŠTUVAN  Vita,No,,Slovenia,
ŠEDIVY  Nuša,No,,Slovenia,
KOZINC  Žiga,No,,Slovenia,
SOLMI  Marco,No,,Canada,United Kingdom
KOZINC  Žiga,No,,Slovenia,
QUINTANA-GALLARDO  Alberto,No,,Spain,
SCHAU  Erwin Andreas Meissner,Yes,,Slovenia,
PRELOVŠEK NiemelÁ¤  Eva,Yes,,Slovenia,
PAPA  Ilaria,No,,Italy,
EL Hassanin  A,No,,Italy,
LANGELLA  Tania,Yes,,Italy,
LOPRESTO  Valentina,No,,Italy,
ŠEDIVY  Nuša,No,,Slovenia,
POŠTUVAN  Vita,No,,Slovenia,
ŽVELC  Gregor,No,,Slovenia,
AMADÉO  Stéphane,No,,France,
REREAO  Moerani,No,,France,
BEAUCHAMP  Guy,No,,Canada,
FAVRO  Patrick,No,,France,
MALOGNE  Aurelia,No,,France,
GOODFELLOW  Benjamin,No,,France,
JEHEL  Louis,No,,France,
NGUYEN  NgocLam,No,,France,
SEGUIN  Monique,No,,Canada,
FESTUS Alao  Percy,No,,Estonia,
MIKLI  Valdek,No,,Estonia,
KERS  Jaan,No,,Estonia,
KOZINC  Žiga,No,,Slovenia,
BALTRUSCH  Saskla,No,,Netherlands,
HOUDIJK  Han,No,,Netherlands,
ČUROVIĆ  Luka,No,,Slovenia,
MUROVEC  Jure,No,,Slovenia,
NOVAKOVIĆ  Tadej,No,,Slovenia,
PRISLAN  Rok,Yes,,Slovenia,
PREZELJ  Jurij,No,,Slovenia,
HADŽIĆ  Vedran,No,,Slovenia,
SATTLER  Tine,No,,Slovenia,
PORI  Primož,No,,Slovenia,
VESELKO  Matjaž,No,,Slovenia,
DERVIŠEVIĆ  Edvin,No,,Slovenia,
MARKOVIĆ  Goran,No,,Slovenia,Croatia
KOZINC  Žiga,No,,Slovenia,
GARCÍA Ramos  Amador,No,,Chile,Spain
KNEZEVIC  Olivera M,No,,Serbia,
ČOH  Milan,No,,Slovenia,
MIRKOV  Dragan,No,,Serbia,
KOZINC  Žiga,No,,Slovenia,
MARKOVIĆ  Goran,No,,Slovenia,Croatia
HADŽIĆ  Vedran,No,,Slovenia,
VATOVEC  Rok,No,,Slovenia,
MARUŠIČ  Jan,No,,Slovenia,
MARKOVIĆ  Goran,No,,Croatia,
KOZINC  Žiga,No,,Slovenia,
BISHOP  Chris,No,,United Kingdom,
REYA  Matija,No,,Slovenia,
ŠKARABOT  Jakob,No,,United Kingdom,
CVETIČANIN  Branko,No,,Slovenia,
GOLUBIĆ  Antonija,No,,Croatia,
MARKOVIĆ  Goran,No,,Croatia,
LESKE  Stuart,No,,Australia,
KÖLVES  Kairi,No,,Australia,
CROMPTON  David,No,,Australia,
ARENSMAN  Ella,No,,Australia,Ireland
LESKE  Stuart,No,,Australia,
KÖLVES  Kairi,No,,Australia,
ARENSMAN  Ella,No,,Australia,Ireland
MOKNI GHRIBI  Abir,No,,Tunisia,
ZOUARI  Mariem,Yes,,Tunisia,
ATTIA  Hamadi,No,,Tunisia,
BESBES  Souhail,No,,Tunisia,Belgium
VREČEK  Nace,No,,Slovenia,
HOFER  Christian,No,,Austria,
LOEFLER  Stefan,No,,Austria,
KOZINC  Žiga,No,,Slovenia,
KERN  Helmut,No,,Austria,
FESTUS Alao  Percy,No,,Estonia,
KALLAKAS  Heikko,No,,Estonia,
JUST  Alar,No,,Estonia,
POLTIMÄE  Triinu,No,,Estonia,
KERS  Jaan,No,,Estonia,
KOZINC  Žiga,No,,Slovenia,
TRAJKOVIĆ  Nebojša,No,,Serbia,
KOZINC  Žiga,No,,Slovenia,
MIKLAVČIČ VIŠNJEVEC  Ana,No,,Slovenia,
BAKER  Paul,No,,United Kingdom,
CHARLTON  Adam,No,,United Kingdom,
PRESKETT  Dave,No,,United Kingdom,
KRAMBERGER  Katja,No,,Slovenia,
MIKLAVČIČ VIŠNJEVEC  Ana,No,,Slovenia,
BAKER  Paul,No,,United Kingdom,
KRIENKE  Dominik,No,,Germany,
CHARLTON  Adam,No,,United Kingdom,
MIKLAVČIČ VIŠNJEVEC  Ana,No,,Slovenia,
ENTILLI  Lorenza,No,,Italy,
POLATO  Mirko,No,,Italy,
ROSS  Victoria,No,,Australia,
KÖLVES  Kairi,No,,Australia,
KOVÁCS László,Yes,,Hungary,Slovenia
BÓTA  András,No,,Hungary,Sweden
KENIG  Saša,No,,Slovenia,
KRAMBERGER  Katja,No,,Slovenia,
PETELIN  Ana,No,,Slovenia,
BANDELJ  Dunja,No,,Slovenia,
BARUCA ARBEITER  Alenka,No,,Slovenia,
MIKLAVČIČ VIŠNJEVEC  Ana,No,,Slovenia,
MOHORKO  Nina,No,,Slovenia,
ŠIK NOVAK  Karin,No,,Slovenia,
JENKO PRAŽNIKAR  Zala,No,,Slovenia,
MIKLAVČIČ VIŠNJEVEC  Ana,No,,Slovenia,
TAMAYO Tenorio  Angelica,No,,Denmark,
STEENKJÆR HASTRUP  Anne Christine,No,,Denmark,
LOUIE HANSEN  Natanya Majbritt,No,,Denmark,
KOZINC  Žiga,No,,Slovenia,
KOZINC  Žiga,No,,Slovenia,
FESTUS Alao  Percy,No,,Estonia,
LAVRIČ  Gregor,No,,Slovenia,
SAARNA  Mart,No,,Estonia,
KERS  Jaan,No,,Estonia,
ROBLES  Eduardo,No,,Spain,France
HERRERA Diaz  Rene,Yes,,Spain,Slovenia
HOYOS-MARTINEZ  Pedro L,No,,Spain,
FERNÁNDEZ-RODRÍGUEZ  Javier,No,,Spain,
LABIDI  Jalel,No,,Spain,
ČEKLIĆ  Urška,No,,Slovenia,
TRAJKOVIĆ  Nebojša,No,,Serbia,
KOZINC  Žiga,No,,Slovenia,
DOBNIK  Marina,No,,Slovenia,
LOEFLER  Stefan,No,,Austria,
HOFER  Christian,No,,Austria,
ŠARABON  Nejc,Yes,,Slovenia,
KALLAB  Lara,No,,France,
CHBEIR  Richard,No,,France,
KOZINC  Žiga,No,,Slovenia,
TOMČIĆ  Jasminka,No,,Croatia,
MARKOVIĆ  Goran,No,,Croatia,
CASAGRANDE  Daniele,No,,Italy,
FANTI  Riccardo,No,,Italy,
GRECO  Marco,No,,Italy,
POLASTRI  Andrea,No,,Italy,
GAJIĆ  Darija,No,,Bosnia and Herzegovina,
PEULIĆ  Slobodan,No,,Bosnia and Herzegovina,
MAVRIČ  Tim,Yes,,Slovenia,
MALEŠEVIĆ  Milica,No,,Bosnia and Herzegovina,
SLIJEPČEVIĆ  Mladen,No,,Bosnia and Herzegovina,
ŐSZ  Olivér,No,,Hungary,
HEGYHÁTI  Máté,No,,Hungary,
STARMAN  Vesna,Yes,,Slovenia,
SPUDIĆ  Darjan,No,,Slovenia,
MANOJLOVIĆ  Denisa,No,,Slovenia,
ZORKO  Martin,No,,Slovenia,
SPUDIĆ  Darjan,No,,Slovenia,
UJAKOVIĆ  Filip,No,,Slovenia,
PLEŠA  Jernej,No,,Slovenia,
KOZINC  Žiga,No,,Slovenia,
SANDAK  Jakub Michal,Yes,,Slovenia,
COCCHI  Marina,No,,Italy,
VOJÁČKOVÁ  Barbora,No,,Czech Republic,
TIPPNER  Jan,No,,Czech Republic,
HORACEK  P,No,,Czech Republic,
SEBERA  Václav,Yes,,Czech Republic,Slovenia
PRAUS  Luděk,No,,Czech Republic,
MAŘÍK  Robert,No,,Czech Republic,
BRABEC  Martin,No,,Czech Republic,
PETRAVIĆ  Luka,No,,Slovenia,
ARH  Rok,No,,Slovenia,
GABROVEC  Tina,No,,Slovenia,
JAZBEC  Lucija,No,,Slovenia,
RUPČIĆ  Nika,No,,Slovenia,
STAREŠINIČ  Nina,No,,Slovenia,
ZORMAN  Lea,No,,Slovenia,
PRETNAR ŽAGAR  Ajda,No,,Slovenia,
SRAKAR  Andrej,No,,Slovenia,
ZWITTER  Matjaž,No,,Slovenia,
CANDELIER  Kevin,No,,France,
VALETTE  Jérémy,No,,France,
LANVIN  Charline,No,,France,
HORVAT  Barbara,No,,Slovenia,
LEGAN  Lea D,No,,Slovenia,
EVALLANCE  David Brian,Yes,,Slovenia,
HÄNSEL  Andreas,No,,Germany,
MAI  Juana,No,,Germany,
NIEMZ  Peter,No,,Switzerland,Sweden
TÓTH  Attila,No,,Hungary,
TAUBE  Piotr,No,,Poland,
ORŁOWSKI  Kazimierz A,No,,Poland,
CHUCHAŁA  Daniel,No,,Poland,
VICHI  Monica,No,,Italy,
KÖLVES  Kairi,No,,Australia,
POMPILI  Maurizio,No,,Italy,
KOZINC  Žiga,No,,Slovenia,
BALTRUSCH  Saskla,No,,Netherlands,
HOUDIJK  Han,No,,Netherlands,
UJAKOVIĆ  Filip,No,,Croatia,Slovenia
ZORKO  Martin,No,,Slovenia,
HIRSCH  Karmen,No,,Slovenia,
SUPEJ  Matej,No,,Slovenia,
ZORKO  Martin,No,,Slovenia,
HIRSCH  Karmen,No,,Slovenia,
SUPEJ  Matej,No,,Slovenia,
KOZINC  Žiga,No,,Slovenia,
SUPEJ  Matej,No,,Slovenia,
OGRIN  Jan,No,,Slovenia,
HOLMBERG  Hans-Christer,No,,Sweden,China
BEEZLEY  Kenneth E,No,,United States,
DAHLE  Gregory,No,,United States,
MIESBAUER  Jason,No,,United States,
KÖLVES  Kairi,No,,Australia,
ZHAO  Qing,No,,Australia,
ROSS  Victoria,No,,Australia,
HAWGOOD  Jacinta L,No,,Australia,
SPENCE  Susan H,No,,Australia,
BODI-PAUL  Laura,No,,Spain,
GORDOBIL  Oihana,Yes,,Spain,
LABIDI  Jalel,No,,Spain,
HEMMING  Jarl,No,,Finland,
SMEDS  Annika,No,,Finland,
WILLFÖR  Stefan,No,,Finland,
LABIDI  Jalel,No,,Spain,
ORŁOWSKI  Kazimierz A,No,,Poland,
CHUCHAŁA  Daniel,No,,Poland,
ESTEVES  Bruno,No,,Portugal,
SANTOS  Jorge,No,,Portugal,
CARVALHO  Luisa,No,,Portugal,
NUNES  Lina,No,,Portugal,
FERREIRA  José,No,,Portugal,
DOMINGOS  Idalina,No,,Portugal,
CRUZ-LOPES  Luísa,No,,Portugal,
NYRUD  Anders Q,No,,Norway,
BÁDER  Mátyás,No,,Hungary,
NÉMETH  RÁ³bert,No,,Hungary,
PODLOGAR  Tina,No,,Slovenia,
POŠTUVAN  Vita,No,,Slovenia,
ŽVELC  Gregor,No,,Slovenia,
GOODFELLOW  Benjamin,No,,Australia,
KÖLVES  Kairi,No,,Australia,
ORŁOWSKI  Kazimierz A,No,,Poland,
CHUCHAŁA  Daniel,No,,Poland,
TAUBE  Piotr,No,,Poland,
KÖLVES  Kairi,No,,Australia,
KOO  Yu Wen,No,,Australia,
KOZINC  Žiga,No,,Slovenia,
BISHOP  Chris,No,,United Kingdom,
MAFFIULETTI  N A,No,,Switzerland,
MARUŠIČ  Jan,No,,Slovenia,
BALASSO  Michelle,No,,Australia,
MIKULJAN  Marica,Yes,,Slovenia,
NOLAN  Gregory,No,,Australia,
KOTLAREWSKI  Nathan,No,,Australia,
HUNT  Mark,No,,Australia,
JACOBS  Andrew,No,,Australia,
O'REILLY  Julianne,No,,Australia,
HOYOS-MARTINEZ  Pedro L,No,,Spain,
LABIDI  Jalel,No,,Spain,
LIANG  Jianqiang,No,,Australia,
KÖLVES  Kairi,No,,Australia,
LEW  Bob,No,,Malaysia,
YUAN  Lu,No,,China,
ABU Talib  Mansor,No,,Malaysia,
JIA  Cun-xian,No,,China,
FERNÁNDEZ-RODRÍGUEZ  Javier,No,,Spain,
ERDOCIA  Xabier,No,,Spain,
HERNÁNDEZ-RAMOS  Fabio,No,,Spain,
GONZALEZ ALRIOLS  María,No,,Spain,
LABIDI  Jalel,No,,Spain,
KOZINC  Žiga,No,,Slovenia,
KLÍMEK  Petr,No,,Czech Republic,
TYTKO  Darius,No,,Czech Republic,
BRABEC  Martin,No,,Czech Republic,
LUKEŠ  Jaroslav,No,,Czech Republic,
HAAGSMA  Juanita A,No,,Netherlands,
JAMES  Spencer L,No,,United States,
CASTLE  Chris D,No,,United States,
DINGELS  Zachary V,No,,United States,
FOX  Jack T,No,,United States,
HAMILTON  Erin B,No,,United States,
LIU  Zichen,No,,United States,
LUCCHESI  Lydia R,No,,United States,
ROBERTS  Nicholas L S,No,,United States,
DE Leo  Diego (sodelavec pri raziskavi)  et al,Yes,,Australia,
FUENTES Da Silva  Silvia Helena,No,,Spain,
LABIDI  Jalel,No,,Spain,
IZAGUIRRE  Nagore,No,,Spain,
ROBLES  Eduardo,No,,Spain,
LABIDI  Jalel,No,,Spain,
SEKKAL  Nawel,No,,Algeria,
BENSLIMANE  Sidi Mohamed,No,,Algeria,
YOUNG PARK  Cheol,No,,United States,
BOUDAA  Boudjemaa,No,,Algeria,
MARKOVIĆ  Goran,No,,Croatia,
PAUŠIĆ  Jelena,No,,Croatia,
HADŽIĆ  Vedran,No,,Slovenia,
MIRKOV  Dragan,No,,Serbia,
KNEZEVIC  Olivera M,No,,Serbia,
GARCÍA Ramos  Amador,No,,Spain,Chile
ČOH  Milan,No,,Slovenia,
KÖLVES  Kairi,No,,Australia,
CHITTY  Kate M,No,,Australia,
WARDHANI  Rachmania,No,,Australia,
VÄRNIK  Airi,No,,Estonia,
WITT  Katrina,No,,Australia,
SEVER  Jernej,No,,Slovenia,
BABIČ  Jan,No,,Slovenia,
KOZINC  Žiga,No,,Slovenia,
HOSTNIK  Jurij,No,,Slovenia,
MARKOVIĆ  Goran,No,,Croatia,
GOODFELLOW  Benjamin,No,,Australia,France
KÖLVES  Kairi,No,,Australia,
SELEFEN  Anne-Cécile,No,,French Polynesia,
MASSAIN  Tiffany,No,,France,
AMADÉO  Stéphane,No,,France,
SOLMI  Marco,No,,Australia,
VERONESE  Nicola,No,,Australia,
GALVANO  Daiana,No,,Australia,
FAVARO  Angela,No,,Australia,
OSTINELLI  Edoardo G,No,,Australia,
NOVENTA  Vania,No,,Australia,
FAVARETTO  Elisa,No,,Australia,
TUDOR  Florina,No,,Australia,
FINESSI  Matilde,No,,Australia,
MAJCEN ROŠKER  Živa,No,,Slovenia,
ROŠKER  Jernej,No,,Slovenia,
SPUDIĆ  Darjan,No,,Slovenia,
KNEZEVIC  Olivera M,No,,Serbia,
MIRKOV  Dragan S,No,,Serbia,
MAJLA  Darjan,Yes,,Slovenia,
BARTHA  Miklós,No,,Canada,
BALCOMBE  Luke,No,,Australia,
UZELAC-SCIRAN  Tomislav,No,,Croatia,
MIKULIĆ  Pavle,No,,Croatia,
KOZINC  Žiga,No,,Slovenia,
MARKOVIĆ  Goran,No,,Croatia,
BOBAN  Frane,No,,Croatia,
ZORIC  Ivan,No,,Croatia,
JELIČIĆ  Mario,No,,Croatia,
SOS  Kresimir,No,,Croatia,
SCAPPATICCI  Mark,No,,Canada,
BRABEC  Martin,No,,Czech Republic,
MILCH  Jaromír,No,,Czech Republic,
ČERMÁK  Petr,No,,Czech Republic,
DĚCKÁ  David,No,,Czech Republic,
SEBERA  Václav,Yes,,Czech Republic,
TIPPNER  Jan,No,,Czech Republic,
ČEH  Tina,No,,Slovenia,
KOZINC  Žiga,No,,Slovenia,
CHUCHAŁA  Daniel,No,,Poland,
ORŁOWSKI  Kazimierz A,No,,Poland,
MUZINSKI  Tomasz,No,,Poland,
LACKOWSKI  Marcin,No,,Poland,
OCHRYMIUK  Tomasz,No,,Poland,
KRAMBERGER  Katja,No,,Slovenia,
BARLIČ-MAGANJA  Darja,No,,Slovenia,
BANDELJ  Dunja,No,,Slovenia,
BARUCA ARBEITER  Alenka,No,,Slovenia,
MIKLAVČIČ VIŠNJEVEC  Ana,No,,Slovenia,
JENKO PRAŽNIKAR  Zala,No,,Slovenia,
OLAIZOLA  Paola,No,,Spain,
BANALES  Jesus M,No,,Spain,
LABIDI  Jalel,No,,Spain,
ESAKKIMUTHU  Esakkiammal Sudha,Yes,,France,
MARLIN  Nathalie,No,,France,
BROCHIER-SALON  Marie-Christine,No,,France,
MORTHA  Gerard,No,,France,
ASLAM  Sidra,Yes,,Pakistan,
MANSOOR  Ahmed,No,,Pakistan,
IMRAN  Ahmed,No,,Pakistan,
KHAN  Abid,No,,Pakistan,
AWAIS  Ahmad,No,,Pakistan,
IMRAN  Muhammad,No,,Pakistan,
ANJUM  Adeel,No,,Pakistan,
HUSSAIN  Shahid,No,,Pakistan,
KRÉSZ Miklós Ferenc,Yes,,Slovenia,Hungary
KHANI  Alireza,No,,United States,
GARDNER  Lauren M,,,United States,Australia
KOZINC  Žiga,No,,Slovenia,
ELMEUA GONZÁLEZ  Marc,No,,Slovenia,
SPUDIĆ  Darjan,No,,Slovenia,
MARUŠIČ  Jan,No,,Slovenia,
VATOVEC  Rok,No,,Slovenia,
MARKOVIĆ  Goran,No,,Croatia,
LEGAN  Lea,No,,Slovenia,
RETKO  Klara,No,,Slovenia,
KNEZ  Friderik,No,,Slovenia,
ROPRET  Polonca,No,,Slovenia,United States
KOZINC  Žiga,No,,Slovenia,
MARKOVIĆ  Goran,No,,Croatia,
ZITEK  Andreas,No,,Austria,
HINTESTOISSER  Barbara,No,,Austria,
PICCHI  Gianni,No,,Italy,
ČÁPOVÁ  Kristýna,No,,Czech Republic,
VELEBIL  Lukáš,No,,Czech Republic,
KOCJAN  Andrej,No,,Slovenia,
KNEZEVIC  Olivera M,No,,Serbia,
MIRKOV  Dragan,No,,Serbia,
BISHOP  Chris,No,,Switzerland,
MAFFIULETTI  Nicola,No,,United Kingdom,
SPUDIĆ  Darjan,No,,Slovenia,
PORI  Primož,No,,Slovenia,
SAŠEK  Matic,No,,Slovenia,
ŠTIRN  Igor,No,,Slovenia,
TOMAŽIN  Katja,No,,Slovenia,
STROJNIK  Vojko,No,,Slovenia,
DANTAS  Carina,No,,Portugal,
MACHADO  N,No,,Portugal,
ORTET  S,No,,Portugal,
LEANDRO  F,No,,Portugal,
GRÜNLOH  C,No,,Netherlands,
GRGURIC  A,No,,Netherlands,
HÖRMANN  V,No,,Belgium,
FIORINI  L,No,,Italy,
CAVALLO  F  et al,No,,Italy,
TESTONI  Ines,No,,Italy,
RUSSOTTO  Salvatore,No,,Italy,
ZAMPERINI  Adriano,No,,Italy,
POMPELE  Sara,No,,Italy,
VIDHOLDOVÁ  Zuzana,No,,Slovakia,
SANDAK  Anna Malgorzata,Yes,,Italy,
KOO  Yu Wen,No,,Australia,
KÖLVES  Kairi,No,,Australia,
CASTELLI DRANSART  Dolores Angela,No,,Switzerland,
VOJÁČKOVÁ  Barbora,No,,Czech Republic,
TIPPNER  Jan,No,,Czech Republic,
HORÁČEK  Petr,No,,Czech Republic,
PRAUS  Luděk,No,,Czech Republic,
BRABEC  Martin,No,,Czech Republic,
PERSAD  Anand,No,,United States,
DAHLE  Gregory,No,,United States,
DEVALLANCE  David Brian,Yes,,United States,
ROCHA  Oscar J,No,,United States,
GRABOSKY  Jason,No,,United States,
RASOULI  Nafee,No,,Iran,
MALAKOUTI  Seyed Kazem,No,,Iran,
REZAEIAN  Mohsen Rezaeian,No,,Iran,
SABERI  Seyed Mehdi,No,,Iran,
NOJOMI  Marzieh Molavi,No,,Iran,
RAMEZANI-FARANI  Abbas,No,,Iran,
GOODFELLOW  Benjamin,No,,Australia,France
KÖLVES  Kairi,No,,Australia,
SILVERMAN  Morton M,No,,United States,
BERMAN  Alan Lee,No,,United States,
MANN  John J,No,,United States,
ARENSMAN  Ella,No,,Ireland,
HAWTON  Keith,No,,United Kingdom,
PHILLIPS  Michael,No,,China,
VIJAYAKUMAR  Lakshmi,No,,India,
MODZELEWSKA  Izabela,No,,Poland,
SANDAK  Jakub Michal,Yes,,Slovenia,Italy
RIGGIO  Mariapaola,No,,United States,
RUGGIERI  Nicola,No,,Italy,
SANDAK  Anna Malgorzata,Yes,,Slovenia,Italy
RIMKEVICIENE  Jurgita,No,,Australia,Lithuania
O'GORMAN  John,No,,Australia,
HAWGOOD  Jacinta L,No,,Australia,
MARRAZZA  Stefano,No,,Italy,
PICCHI  Gianni,No,,Italy,
SEPÚLVEDA-VILLARROEL  Victor,No,,Chile,
TORRES-MELLA  José,No,,Chile,
SALVO-SEPÚLVEDA  Linette,No,,Chile,
LLANO-PONTE  Rodrigo,No,,Spain,
SALINAS-LIRA  Carlos  A,No,,Chile,
PEREDO  Miguel  A,No,,Chile,
ANANÍAS  Rubén,No,,Chile,
LEAVENGOOD  Scott,No,,United States,
MUSZYŃSKI  Lech,No,,United States,
GANIO  Lisa,No,,United States,
RAHIMI  Sohrab,No,,United States,
SINGH  Kaushlendra,No,,United States,
MYRONYCHEVA  Olena,No,,Sweden,
POOHPHAJAI  Faksawat,Yes,,Slovenia,Sweden
SEHLSTEDT-PERSSON  Margot,No,,Sweden,
VIKBERG  Tommy,No,,Sweden,
KARLSSON  Olov,No,,Sweden,
JUNGE  Helmut,No,,Germany,
SANDBERG  Dick,No,,Sweden,
LOUGE  Thierry,No,,France,
HEDI Karray  Mohamed,No,,France,
ARCHIMÈDE  Bernard,No,,France,
MAAMAR  Zakaria,No,,France,
GARCÍA Ramos  Amador,No,,Spain,Chile
TOMAŽIN  Katja,No,,Slovenia,
STROJNIK  Vojko,No,,Slovenia,
REDON  Miguel,No,,Spain,
BRABEC  Martin,No,,Czech Republic,
DĚCKÝ  David,No,,Czech Republic,
ČERMÁK  Petr,No,,Czech Republic,
TIPPNER  Jan,No,,Czech Republic,
MILCH  Jaromír,No,,Czech Republic,
OBEREMKO  Alona,No,,Lithuania,
SAULIS  Gintautas,No,,Lithuania,
BAUBLYS  Vykintas,No,,Lithuania,
LABIDI  Jalel,No,,Spain,
KÖLVES  Kairi,No,,Australia,
ZHAO  Qing,No,,Australia,
ROSS  Victoria,No,,Australia,
HAWGOOD  Jacinta L,No,,Australia,
SPENCE  Susan H,No,,Australia,
GORJAN  Daša,No,,Slovenia,
BABIČ  Jan,No,,Slovenia,
POTOČANAC  Zrinka,No,,Slovenia,
ROGANI  A,No,,France,
NAVARRO  P,No,,France,
FERRERO  J F,No,,France,
LOPRESTO  Valentina,No,,Italy,
LANGELLA  Antonio,No,,Italy,
PETRILLO  Marta,No,,Italy,
GROSSI  Paolo,No,,Italy,
KOZINC  Žiga,No,,Slovenia,
BABIČ  Jan,No,,Slovenia,
MARKOVIĆ  Goran,No,,Croatia,
BEN SALHA  Ghada,No,,Spain,Tunisia
LENGLIZ  Olfa,No,,Tunisia,
ABDERRABBA  Manef,No,,Tunisia,
LABIDI  Jalel,No,,Spain,
BERARDINELLI  Manuela,No,,Italy,
SCARPINO  Osvaldo,No,,Italy,
TRABUCCHI  Marco,No,,Italy,
MARUŠIČ  Jan,No,,Slovenia,
MARKOVIĆ  Goran,No,,Croatia,
KOZINC  Žiga,No,,Slovenia,
GARCÍA Ramos  Amador,No,,Chile,
TOMAŽIN  Katja,No,,Slovenia,
STROJNIK  Vojko,No,,Slovenia,
KOZINC  Žiga,No,,Slovenia,
BILY  Walter,No,,Austria,
LOEFLER  Stefan,No,,Austria,
FRANZ  Carlo,No,,Austria,
WAKOLBINGER  Robert,No,,Austria,
KERN  Helmut,No,,Austria,
SIVANERI  Kavin V I,No,,United States,
OZMEN  Ozcan,No,,United States,
AZIZIHA  Mina,No,,United States,
SABOLSKY  Edward M,No,,United States,
EVANS  Thomas H,No,,United States,
JOHNSON  Matthew B,No,,United States,
BABIČ  Jan,No,,Slovenia,
PETRIČ  Tadej,No,,Slovenia,
MOMBAUR  Katja,No,,Germany,
KINGMA  Idsart,No,,Netherlands,
BORNMANN  Jonas,No,,Germany,
GONZÁLEZ-VARGAS  José,No,,Germany,
BALTRUSCH  Saskla,No,,Netherlands,
HOUDIJK  Han,No,,Netherlands,
TOMAŽIN  Katja,No,,Slovenia,
STROJNIK  Vojko,No,,Slovenia,
SPUDIĆ  Darjan,No,,Slovenia,
SAŠEK  Matic,No,,Slovenia,
PUSTIVŠEK  Suzana,No,,Slovenia,
TIPPNER  Jan,No,,Czech Republic,
PRAUS  Luděk,No,,Czech Republic,
BRABEC  Martin,No,,Czech Republic,
VOJÁČKOVÁ  Barbora,No,,Czech Republic,
MILCH  Jaromír,No,,Czech Republic,
BÉKÉSI  József,No,,Hungary,
PERCEVAL  Meg,No,,Australia,
KÖLVES  Kairi,No,,Australia,
ROSS  Victoria,No,,Australia,
REDDY  Prasuna,No,,United Kingdom,
KÖLVES  Kairi,No,,Australia,
CROMPTON  David,No,,Australia,
TURNER  Kathryn,No,,Australia,
STAPELBERG  Nicolas J C,No,,Australia,
KHAN  Ashar,No,,Australia,
ROBINSON  Gail,No,,Australia,
SKERRETT  Delaney M,No,,Australia,
GIBSON  Mandy,No,,Australia,
DARWIN  Leilani,No,,Australia,
LEWIS  Suzie,No,,Australia,
RALLAH  Rahm,No,,Australia,
PERCEVAL  Meg,No,,Australia,
ROSS  Victoria,No,,Australia,
KÖLVES  Kairi,No,,Australia,
REDDY  Prasuna,No,,Australia,United Kingdom
KÖLVES  Kairi,No,,Australia,
FARAZDAGHI  Mohammad Reza,No,,Iran,
MOTEALLEH  Alireza,No,,Iran,
ABTAHI  Forough,No,,Iran,
PANJAN  Andrej,No,,Slovenia,
GHAFFARINEJAD  Farahnaz,No,,Iran,
ROBLES  Eduardo,No,,Spain,
FERNÁNDEZ-RODRÍGUEZ  Javier,No,,Spain,
BARBOSA  Ananda M,No,,Spain,Brazil
CARREÝ‘O  Neftali L V,No,,Brazil,
LABIDI  Jalel,No,,Spain,
RICCIARDI  Maria Rosaria,No,,Italy,
PAPA  Ilaria,No,,Italy,
LANGELLA  Antonio,No,,Italy,
LOPRESTO  Valentina,No,,Italy,
ANTONUCCI  V,No,,Italy,
GIUPPONI  Giancarlo,No,,Italy,
INNAMORATI  Marco,No,,Italy,
BALDESSARINI  Ross J,No,,United States,
GIOVANNELLI  Francesca de,No,,Italy,
PYCHA  Roger,No,,Italy,
CONCA  Andreas,No,,Italy,
GIRARDI  Paolo,No,,Italy,
POMPILI  Maurizio,No,,Italy,
ARRESE  Ainhoa,No,,Spain,
HOYOS-MARTINEZ  Pedro L,No,,Spain,France
LABIDI  Jalel,No,,Spain,
LLANO-PONTE  Rodrigo,No,,Spain,
DELUCIS  Rafael,No,,Brazil,
MELO  Rafael,No,,Brazil,
MULLER  Marcos,No,,Brazil,
LABIDI  Jalel,No,,Spain,
GATTO  Darci,No,,Brazil,
SERRANO  Luis,No,,France,
MARLIN  Nathalie,No,,France,
BROCHIER-SALON  Marie-Christine,No,,France,
MORTHA  Gerard,No,,France,
BERTAUD  Frederique,No,,France,
LOEFLER  Stefan,No,,Austria,
CVECKA  Jan,No,,Slovakia,
HÜBL  Wolfgang,No,,Austria,
ZAMPIERI  Sandra,No,,Italy,
MUSZYŃSKI  Lech,No,,United States,
LEAVENGOOD  Scott,No,,United States,
GANIO  Lisa,No,,United States,
TVEREZOVSKIY  Viacheslav,No,,United Kingdom,
TREU  Andreas,No,,Norway,
HUMAR  Miha K,No,,Slovenia,
MEKJAVIĆ  Igor B,No,,Slovenia,Canada
EIKEN  Ola,No,,Sweden,
BABIČ  Jan,No,,Slovenia,
ŠUŠTERŠIČ  Iztok,Yes,,Slovenia,
DUJIČ  Bruno,No,,Slovenia,
FERREIRA  José,No,,Portugal,
LABIDI  Jalel,No,,Spain,
ESTEVES  Bruno,No,,Portugal,
DOMINGOS  Idalina,No,,Portugal,
GULLÓN  Beatriz,No,,Spain,
EIBES  Gemma,No,,Spain,
MOREIRA  María Teresa,No,,Spain,
LABIDI  Jalel,No,,Spain,
GULLÓN  Patricia,No,,Spain,
MARS BITENC  Urša,No,,Slovenia,
PIRC  Lara,No,,Slovenia,
MESEC RODI  Petra,No,,Slovenia,
POŠTUVAN  Vita,No,,Slovenia,
ROSS  Victoria,No,,Australia,
KÖLVES  Kairi,No,,Australia,
KUNDE  Lisa,No,,Australia,
MUÑOZ-SÁNCHEZ  Juan-Luis,No,,Spain,
SÁNCHEZ-GÓMEZ  María Cruz,No,,Spain,
MARTÍN-CILLEROS  María Victoria,No,,Spain,
PARRA-VIDALES  Esther,No,,Spain,
FRANCO-MARTÍN  Manuel A,No,,Spain,
PETROVČIČ  Andraž,No,,Slovenia,
SLAVEC  Ana,Yes,,Slovenia,
DOLNIČAR  Vesna,No,,Slovenia,
CASTELPIETRA  Giulio,No,,Italy,
EGIDI  Leonardo,No,,Italy,
CANEVA  Marina,No,,Italy,
GAMBINO  Sara,No,,Italy,
FERESIN  Tamara,No,,Italy,
MARIOTTO  Aldo,No,,Italy,
BALESTRIERI  Matteo,No,,Italy,
MARZANO  Lisa,No,,Italy,
MOKDAD  Ali H  et al,No,,United States,
DE Leo  Diego (sodelavec pri raziskavi),Yes,,Australia,
MOKDAD  Ali H  et al,No,,United States,
LARNØY  Erik,No,,Norway,
HILL  Callum A S,Yes,,Slovenia,Norway
PORCU  Maria Cristina,No,,Italy,
BOSU  Claudio,No,,Italy,
GAVRIĆ  Igor,Yes,,Slovenia,
VOGLAR  Matej,No,,Slovenia,
WOLF  Petr,No,,Czech Republic,
VCELAK  Jan,No,,Czech Republic,
ORŁOWSKI  Kazimierz A,No,,Poland,
MUÑOZ-SÁNCHEZ  Juan-Luis,No,,Spain,
DELGADO  Carmen,No,,Spain,
SÁNCHEZ-PRADA  Andrés,No,,Spain,
PARRA-VIDALES  Esther,No,,Spain,
FRANCO-MARTÍN  Manuel A,No,,Spain,
PONNUCHAMY  Veerapandian,Yes,,France,
MOSSA  Stefano,No,,France,
SKARMOUTSOS  Ioannis,No,,France,
KUNDE  Lisa,No,,Australia,
KÖLVES  Kairi,No,,Australia,
KELLY  Brian,No,,Australia,
REDDY  Prasuna,No,,Australia,United Kingdom
SVENŠEK  Daniel,No,,Slovenia,
JANISZEWSKA  Dominika,No,,Poland,
HIZIROGLU  Salim,No,,United States,
PETRILLO  Marta,No,,Italy,
GROSSI  Paolo,No,,Italy,
ZADNIK  Vesna (sodelavec pri raziskavi),No,,Slovenia,
ZADNIK  Vesna (sodelavec pri raziskavi),No,,Slovenia,
ZADNIK  Vesna (sodelavec pri raziskavi),No,,Slovenia,
ZADNIK  Vesna (sodelavec pri raziskavi),No,,Slovenia,
TESTONI  Ines,No,,Italy,
RUSSOTTO  Salvatore,No,,Italy,
ZAMPERINI  Adriano,No,,Italy,
SILVA  Daniela Thomas,No,,Brazil,
HEINZMANN  Berta Maria,No,,Brazil,
CALVO  Javier,No,,Spain,
LABIDI  Jalel,No,,Spain,
ROBLES  Eduardo,No,,Spain,
KRYSTOFIAK  Tomasz,No,,Poland,
LABIDI  Jalel,No,,Spain,
KÖLVES  Kairi,No,,Australia,
MCDONOUGH  Matthew,No,,Australia,
CROMPTON  David,No,,Australia,
YAHYAOUI  Marwa,No,,Spain,Tunisia
ILK  Sedef,No,,Turkey,
KAYA  Murat,No,,Turkey,
LABIDI  Jalel,No,,Spain,
DRAPER  Brian M,No,,Australia,
KRYSINSKA  Karolina,No,,Australia,
SNOWDON  John,No,,Australia,
GOODFELLOW  Benjamin,No,,Australia,
KÖLVES  Kairi,No,,Australia,
STROJNIK  Vojko,No,,Slovenia,
TOMAŽIN  Katja,No,,Slovenia,
SPUDIĆ  Darjan,No,,Slovenia,
SAŠEK  Matic,No,,Slovenia,
SPUDIĆ  Darjan,No,,Slovenia,
PORI  Primož,No,,Slovenia,
CVITKOVIČ  Robert,No,,Slovenia,
FERLIGOJ  Anuška,No,,Slovenia,
MARTINEZ PASTUR  Guillermo,No,,Argentina,
MONELOS  Lucas,No,,Argentina,
GREBLO  Zrinka,No,,Croatia,
KRIŽANIĆ  Valerija,No,,Croatia,
MARKOVIĆ  Goran,No,,Croatia,
KÖLVES  Kairi,No,,Australia,
DRAPER  Brian M,No,,Australia,
SNOWDON  John,No,,Australia,
DAHLE  Gregory,No,,United States,
CARPENTER  Aaron,No,,United States,
ZHOU  Mo,No,,United States,
AVILA DELUCIS  Rafael,No,,Brazil,
CAMPOS AMICO  Sandro,No,,Brazil,
LABIDI  Jalel,No,,Spain,
GATTO  Darci,No,,Brazil,
DÁVID Balázs,Yes,,Hungary,
KRÉSZ Miklós Ferenc,Yes,,Hungary,
PODKOÅšCIELNA  Beata,No,,Poland,
RIAZANOVA  Anastasia V,No,,Sweden,
DOBELE  Galina,No,,Latvia,
LABIDI  Jalel,No,,Spain,
LINDSTRÖM  Mikael E,No,,Sweden,
GUN'KO  Vladimir M,No,,Ukraine,
SEVASTYANOVA  Olena,No,,Sweden,
LIU  Weiguo,No,,United States,China
WANG  Jingxin,No,,United States,
BHATTACHARYYA  Debangsu,No,,United States,
JIANG  Yuan,No,,United States,
ORŁOWSKI  Kazimierz A,No,,Poland,
OCHRYMIUK  Tomasz,No,,Poland,
SANDAK  Jakub Michal,Yes,,Italy,Slovenia
MILCH  Jaromír,No,,Czech Republic,
TIPPNER  Jan,No,,Czech Republic,
BRABEC  Martin,No,,Czech Republic,
KUNECKÁ  Jiří,No,,Czech Republic,
KLOIBER  Michal,No,,Czech Republic,
HASNÍKOVÁ  Hana,No,,Czech Republic,
KARIŽ  Mirko,No,,Slovenia,
KITEK KUZMAN  Manja,No,,Slovenia,
ŠERNEK  Milan,No,,Slovenia,
HUGHES  Mark,No,,Finland,
RAUTKARI  Lauri,No,,Finland,
KAMKE  Frederick A,No,,United States,
VNUČEC PAUŠNER  Doroteja,No,,Slovenia,
ŽIGON  Jure,No,,Slovenia,
MIKULJAN  Marica,Yes,,Slovenia,
KAMKE  Frederick A,No,,Slovenia,
ŠERNEK  Milan,No,,Slovenia,
GORŠEK  Andreja,No,,Slovenia,
PEETERS  Kelly,Yes,,Slovenia,
ZULIANI  Tea,No,,Slovenia,
ŽIGON  Dušan,No,,Slovenia,
MILAČIČ  Radmila,No,,Slovenia,
ŠČANČAR  Janez,No,,Slovenia,
CHRISTIANSON  Laura,No,,United States,
FAULKNER  Joshua,No,,United States,
BASDEN  Thomas,No,,United States,
ŠEDIVY  Nuša,No,,Slovenia,
PODLOGAR  Tina,No,,Slovenia,
KERR  David C R,No,,United States,
MILCH  Jaromír,No,,Czech Republic,
BRABEC  Martin,No,,Czech Republic,
TIPPNER  Jan,No,,Czech Republic,
WALISZEWSKA  BogusÅ‚awa,No,,Poland,
ZBOROWSKA  Magdalena,No,,Poland,
MLECZEK  Miroslaw,No,,Poland,
POSAVČEVIĆ  Marko,No,,Slovenia,
KEGEL  Edo,No,,Netherlands,
NYRUD  Anders Q,No,,Norway,
BYSHEIM  Kristian,No,,Norway,
VAHTIKARI  Katja,No,,Finland,
HUGHES  Mark,No,,Finland,
BEN SALHA  Ghada,No,,Spain,Tunisia
LABIDI  Jalel,No,,Spain,
ABDERRABBA  Manef,No,,Tunisia,
SILVA  Daniela Thomas,No,,Brazil,
FONTANA BATISTA  Bibiana,No,,Brazil,
HEINZMANN  Berta Maria,No,,Brazil,
LABIDI  Jalel,No,,Spain,
SANDAK  Jakub Michal,Yes,,Italy,
KUNDE  Lisa,No,,Australia,
KÖLVES  Kairi,No,,Australia,
KELLY  Brian,No,,Australia,
REDDY  Prasuna,No,,Australia,United Kingdom
RIMKEVICIENE  Jurgita,No,,Australia,
O'GORMAN  John,No,,Australia,
ROSS  Victoria,No,,Australia,
KÖLVES  Kairi,No,,Australia,
KOO  Yu Wen,No,,Australia,
KÖLVES  Kairi,No,,Australia,
KOO  Yu Wen,No,,Australia,
KÖLVES  Kairi,No,,Australia,
FERNÁNDEZ-RODRÍGUEZ  Javier,No,,Spain,
ROBLES  Eduardo,No,,Spain,
GONZALEZ ALRIOLS  María,No,,Spain,
LABIDI  Jalel,No,,Spain,
NAN  Nan,No,,United States,
FONDA  Borut,No,,Slovenia,United Kingdom
LI  François-Xavier,No,,United Kingdom,
KOCJAN  Andrej,No,,Slovenia,
GOLI  Giacomo,No,,Italy,
CETERA  Paola,No,,Italy,
CAVALLI  Alberto,No,,Italy,
TODARO  Luigi,No,,Italy,
SALABERRIA  Asier M,No,,Spain,
ANDRÉS  María A,No,,Spain,
FERNANDES  Susana C M,No,,France,
LABIDI  Jalel,No,,Spain,
GKAGKAS  Konstantinos,No,,Belgium,
PONNUCHAMY  Veerapandian,Yes,,Belgium,
PERCEVAL  Meg,No,,Australia,
KÖLVES  Kairi,No,,Australia,
REDDY  Prasuna,No,,Australia,United Kingdom
LLANO-PONTE  Rodrigo,No,,Spain,
LABIDI  Jalel,No,,Spain,
HOSTNIK  Jurij,No,,Slovenia,
BENČAN  Žiga,No,,Slovenia,
GKAGKAS  Konstantinos,No,,Belgium,
DAŠIĆ  Miljan,No,,Serbia,
STANKOVIĆ  Igor,No,,Serbia,
BRABEC  Martin,No,,Czech Republic,
LAGAŇA  Rastislav,No,,Slovakia,
MILCH  Jaromír,No,,Czech Republic,
TIPPNER  Jan,No,,Czech Republic,
KLOIBER  Michal,No,,Czech Republic,
KUNECKÝ  Jiří,No,,Czech Republic,
DRDÝCKÝ  Miloš,No,,Czech Republic,
TIPPNER  Jan,No,,Czech Republic,
SCHWARZKOPF  Matthew,Yes,,Slovenia,
MUSZYŃSKI  Lech,No,,United States,
HAMMERQUIST  Chad C,No,,United States,
NAIRN  John A,No,,United States,
ROŠKAR  Saška,No,,Slovenia,
TANČIČ GRUM  Alenka,No,,Slovenia,
POŠTUVAN  Vita,No,,Slovenia,
PODLESEK  Anja,No,,Slovenia,
KOZINC  Žiga,No,,Slovenia,
MENDONÇA LIMA  Carlos Augusto,No,,Switzerland,
IVBIJARO  Gabriel,No,,Portugal,United Kingdom
SVAB  Igor,No,,Slovenia,
GOGA  Nicolae,No,,Romania,Netherlands
MAYRHOFER  Leonhard,No,,Germany,
TRANCA  Ionut,No,,Netherlands,
NEDEA  Silvia,No,,Netherlands,
HEIJMANS  Koen,No,,Netherlands,
VASILATEANU  Andrei,No,,Romania,
WITT  Katrina,No,,Australia,
CHITTY  Kate M,No,,Australia,
WARDHANI  Rachmania,No,,Australia,
VÄRNIK  Airi,No,,Estonia,
KÖLVES  Kairi,No,,Australia,
URŠIČ  Matija,No,,Slovenia,
KNEZ  Friderik,No,,Slovenia,
KOZINC  Žiga,No,,Slovenia,
PERMAN  Mihael,No,,Slovenia,
KRESIN  Tracee,No,,Australia,
HAWGOOD  Jacinta L,No,,Australia,
VARGHESE  Frank,No,,Australia,
TESTONI  Ines,No,,Italy,Israel
IACONA  Erika,No,,Italy,
PALAZZO  Lorenza,No,,Italy,
BARZIZZA  Beatrice,No,,Italy,
BALDRATI  Beatrice,No,,Italy,
MAZZON  Davide,No,,Italy,
NAVALESI  Paolo,No,,Italy,
MISTRALETTI  Giovanni,No,,Italy,
SAŠEK  Matic,Yes,,Slovenia,
KOZINC  Žiga,No,,Slovenia,
LOEFLER  Stefan,No,,Austria,
HOFER  Christian,No,,Austria,
MANOJLOVIĆ  Denisa,No,,Slovenia,
KOZINC  Žiga,No,,Slovenia,
MATHIEU  Sharna,No,,Australia,
KOO  Yu Wen,No,,Australia,
LESKE  Stuart,No,,Australia,
GOODFELLOW  Benjamin,No,,Australia,
KÖLVES  Kairi,No,,Australia,
CASTELPIETRA  Giulio,No,,Italy,
NICOTRA  Alessandra,No,,Italy,
VIECELLI GIANNOTTI  Andrea,No,,Italy,
SVETEK  Urša,No,,Slovenia,
PAVLOVIĆ  Monika,No,,Slovenia,
OGRINC  Nina,No,,Slovenia,
SAŠEK  Matic,No,,Slovenia,
POREDOŠ  Nina,No,,Slovenia,
STEPINAC  Mislav,No,,Croatia,
RAJČIĆ  Vlatka,No,,Croatia,
ARENSMAN  Ella,No,,Ireland,Australia
SCOTT  Vanda,No,,United States,
PIRKIS  Jane,No,,United States,
ARENSMAN  Ella,No,,Ireland,Australia
PIRKIS  Jane,No,,United States,
GOODFELLOW  Benjamin,No,,Australia,France
KÖLVES  Kairi,No,,Australia,
KOZINC  Žiga,No,,Slovenia,
LOEFLER  Stefan,No,,Austria,
HOFER  Christian,No,,Austria,
CARRARO  Ugo,No,,Italy,
VATOVEC  Rok,No,,Slovenia,
KOZINC  Žiga,No,,Slovenia,
KOZINC  Žiga,No,,Slovenia,
KERN  Helmut,No,,Slovenia,
ZAMMARRELLI  Josephine,No,,Italy,
VIECELLI GIANNOTTI  Andrea,No,,Italy,
DONNA  Stefania,No,,Italy,
BERTINI  Simone,No,,Italy,
SANTINI  Anna,No,,Italy,
ANILE  Cristina,No,,Italy,
KOZINC  Žiga,No,,Slovenia,
LOEFLER  Stefan,No,,Austria,
HOFER  Christian,No,,Austria,
KOZINC  Žiga,No,,Slovenia,
MIKLAVČIČ VIŠNJEVEC  Ana,No,,Slovenia,
MARUŠIČ  Jan,No,,Slovenia,
DOLENC  Petra,No,,Slovenia,
MUŠIČ  Pia,No,,Slovenia,
BOKAL  Špela,No,,Slovenia,
KOZINC  Žiga,No,,Slovenia,
PAVLOVIĆ  Monika,No,,Slovenia,
OGRINC  Nina,No,,Slovenia,
JAKOPIČ  Martina,No,,Slovenia,
KOZINC  Žiga,No,,Slovenia,
DJURIĆ  Daniel,No,,Slovenia,
MARUŠIČ  Jan,No,,Slovenia,
MARUŠIČ  Jan,No,,Slovenia,
ŽITNIK  Jure,No,,Slovenia,
KOZINC  Žiga,No,,Slovenia,
OEXLE  Nathalie,No,,Germany,
NIEDERKROTENTHALER  Thomas,No,,Austria,
POŠTUVAN  Vita,No,,Slovenia,
PODLOGAR  Tina,No,,Slovenia,
ŠEDIVY  Nuša,No,,Slovenia,
DE Leo  Diego,Yes,,Slovenia,Australia
VIMPOLŠEK  Boštjan,No,,Slovenia,
JEREB  Borut,No,,Slovenia,
LERHER  Tone,No,,Slovenia,
LISEC  Andrej,No,,Slovenia,
POHLEVEN  Jure,No,,Slovenia,
KOZINC  Žiga,No,,Slovenia,
MCPHEDRAN  Samara,No,,Australia,
ERIKSSON  Li,No,,Australia,
MAZEROLLE  Paul,No,,Australia,
JOHNSON  Holly,No,,Canada,
WORTLEY  Richard,No,,United Kingdom,
REYA  Matija,No,,Slovenia,
ŠKARABOT  Jakob,No,,Slovenia,
VNUČEC PAUŠNER  Doroteja,No,,Slovenia,
ŠERNEK  Milan,No,,Slovenia,
GORŠEK  Andreja,No,,Slovenia,
LÄHTINEN  K,No,,Finland,
TOPPINEN  Anne,No,,Finland,
SUOJANEN  Hannele,No,,Finland,
STERN  Tobias,No,,Austria,
RANACHER  L,No,,Austria,
KITEK KUZMAN  Manja,No,,Slovenia,
SANDBERG  Dick,No,,Sweden,
MANTANIS  George,No,,Greece,
VNUČEC PAUŠNER  Doroteja,No,,Slovenia,
GORŠEK  Andreja,No,,Slovenia,
ASLAM  Sidra,Yes,,Pakistan,
ISLAM  Saif ul,No,,Pakistan,
AKHUNDZADA  Adnan,No,,Pakistan,
KHAN  Muhammad Khurram,No,,Pakistan,
KOZINC  Žiga,No,,Slovenia,
KOZINC  Žiga,No,,Slovenia,
GOODFELLOW  Benjamin,No,,Australia,France
KÖLVES  Kairi,No,,Australia,
PRINIOTAKIS  Georgios,No,,Greece,
STACHEWICZ  Urszula,No,,Poland,
KRSTIĆ FURUNDŽIĆ  Aleksandra,No,,Serbia,
VENTURINI  Enrico,No,,Italy,
JONAITIENE  Vaida,No,,Lithuania,
HAWGOOD  Jacinta L,No,,Australia,
WOODWARD  Alan,No,,Australia,
QUINNETT  Paul,No,,United States,
VERONESE  Nicola,No,,Italy,
TRABUCCHI  Marco,No,,Italy,
VECCHIATO  Chiara,No,,Italy,
DEMURTAS  Jacopo,No,,Italy,
BALCOMBE  Luke,No,,Australia,
FESTUS Alao  Percy,No,,Estonia,
LAVRIČ  Gregor,No,,Slovenia,
SAARNA  Mart,No,,Estonia,
KERS  Jaan,No,,Estonia,
KOZINC  Žiga,No,,Slovenia,
BISHOP  Chris,No,,United Kingdom,
PLEŠA  Jernej,No,,Slovenia,
CASALE  Monica,No,,Italy,
MANOJLOVIĆ  Denisa,No,,Slovenia,
KOZINC  Žiga,No,,Slovenia,
KOZINC  Žiga,No,,Slovenia,
SAJINČIČ  Nežka,Yes,,Slovenia,
SANDAK  Anna Malgorzata,Yes,,Slovenia,
ISTENIČ  Andreja,No,,Slovenia,
DOVJAK  Mateja,No,,Slovenia,
ŠUBIC  Nika,No,,Slovenia,
NIEMELÄ  Aarne,Yes,,Slovenia,
TIPPNER  Jan,No,,Czech Republic,
PAULIC  Vinko,No,,Croatia,
PRAUS  Luděk,No,,Czech Republic,
VOJÁČKOVÁ  Barbora,No,,Czech Republic,
BRABEC  Martin,No,,Czech Republic,
MILCH  Jaromír,No,,Czech Republic,
RUPČIĆ  Nika,No,,Slovenia,
ARH  Rok,No,,Slovenia,
GABROVEC  Tina,No,,Slovenia,
JAZBEC  Lucija,No,,Slovenia,
PETRAVIĆ  Luka,No,,Slovenia,
STAREŠINIČ  Nina,No,,Slovenia,
ZORMAN  Lea,No,,Slovenia,
PRETNAR ŽAGAR  Ajda,No,,Slovenia,
SRAKAR  Andrej,No,,Slovenia,
ZWITTER  Matjaž,No,,Slovenia,
SVENŠEK  Daniel,No,,Slovenia,
SIPPONEN  Mika H,No,,Sweden,
ŐSZ  Olivér,No,,Hungary,
HEGYHÁTI  Máté,No,,Hungary,
ČRETNIK  Klemen,No,,Slovenia,
KOZINC  Žiga,No,,Slovenia,
KORDEŽ  Breda,No,,Slovenia,
MANOJLOVIĆ  Denisa,No,,Slovenia,
VATOVEC  Rok,No,,Slovenia,
LEPIČNIK-VODOPIVEC  Jurka,No,,Slovenia,
AZINOVIĆ  Boris,No,,Slovenia,
PONDELAK  Andreja,No,,Slovenia,
VCELAK  Jan,Yes,,Czech Republic,Slovenia
KANDUTI  Rok,No,,Slovenia,
VARKONJI  Monika,No,,Slovenia,
JUTRAŽ  Anja,No,,Slovenia,
MALOVRH REBEC  Katja,No,,Slovenia,
SUTTIE  Ed,No,,United Kingdom,
BRISCHKE  Christian,No,,Germany,
FRÜHWALD HANSSON  Eva,No,,Sweden,
FORTINO  Stefania,No,,Finland,
KUTNIK  Magdalena,No,,France,
ALFREDSEN  Gry,No,,Norway,
LUCAS  Christopher,No,,France,
VIEILLEMARD  Eric,No,,France,
ABRAHAMSEN  Rune,No,,Norway,
BJERTNÆS  Magne A,No,,Norway,
BOUILLOT  Jacques,No,,France,
BRANK  Boštjan,No,,Slovenia,
CABATON  Lionel,No,,France,
CROCETTI  Roberto,No,,Sweden,
FLAMAND  Olivier,No,,France,
KURENT  Blaž,No,,Slovenia,
ŠUŠTERŠIČ  Iztok  et al,Yes,,Slovenia,
ČEH  Tina,No,,Slovenia,
OGRINC  Nina,No,,Slovenia,
GAJIĆ  Darija,No,,Bosnia and Herzegovina,
PEULIĆ  Slobodan,No,,Bosnia and Herzegovina,
KALLAB  Lara,No,,France,
CHBEIR  Richard,No,,France,
VELLGUTH  N,No,,Germany,
WINKELMANN  J,No,,Germany,
WOLF  Marco D,No,,Germany,
KNY  Martin,No,,Czech Republic,
MAZANEC  Vojtěch,No,,Czech Republic,
ADAMOVSKÁ  Daniel,No,,Czech Republic,
VCELAK  Jan,Yes,,Czech Republic,
NOVAK  Erik,No,,Czech Republic,
KUKEC  Andreja,No,,Slovenia,
OTOREPEC  Peter,No,,Slovenia,
LAMPIČ  Ladi,No,,Slovenia,
POHLEVEN  Jure,No,,Slovenia,
BURNARD  Michael David,Yes,,Slovenia,United States
MODERC  Gašper,No,,Slovenia,
ORŁOWSKI  Kazimierz A,No,,Poland,
CHUCHAŁA  Daniel,No,,Poland,
ORŁOWSKI  Kazimierz A,No,,Poland,
CHUCHAŁA  Daniel,No,,Poland,
TAUBE  Piotr,No,,Poland,
VAKE  Domen,No,,Slovenia,
ROSS GOBAKKEN  Lone,No,,Norway,
PINTÉR  Máté,No,,Hungary,
TIPPNER  Jan,No,,Czech Republic,
KLOIBER  Michal,No,,Czech Republic,
HRIVNÁK  Jaroslav,No,,Slovakia,
ZLÁMAL  Jan,No,,Czech Republic,
ISTENIČ  Andreja,No,,Slovenia,
CYMER  Radoslaw,No,,Germany,
NYRUD  Anders Q,No,,Norway,
AZINOVIĆ  Boris,No,,Slovenia,
KRAMAR  Miha,No,,Slovenia,
SVENŠEK  Daniel,No,,Slovenia,
VOGLAR  Matej,No,,Slovenia,
REPŠE  Ana,No,,Slovenia,
KUNIČ  Roman,No,,Slovenia,
KOŠIR  Mitja,No,,Slovenia,
PAJEK  Luka,No,,Slovenia,
BOŽIČEK  David,No,,Slovenia,
POTOČNIK  Jaka,No,,Slovenia,
GROSSI  Paolo,No,,Italy,
PETRILLO  Marta,No,,Italy,
MASMOUDI  Maroua,No,,France,
TAKTAK  Hela,No,,France,
BEN LAMINE  Sana Ben Abdallah,No,,Tunisia,
BOUKADI  Khouloud,No,,Tunisia,
HEDI Karray  Mohamed,No,,Tunisia,
ZGHAL  Hajer Baazaoui,No,,France,
ARCHIMÈDE  Bernard,No,,Tunisia,
MRISSA  Michael,Yes,,France,
GUEGAN  Chirine Ghedira,No,,France,
KOZINC  Žiga,No,,Slovenia,
HEGYHÁTI  Máté,No,,Hungary,
BÓTA  András,No,,Hungary,
LANDOWSKA  Agnieszka,No,,Poland,
JONES  Dennis,No,,Sweden,
SANDBERG  Dick,No,,Sweden,
PETRILLO  Marta,No,,Italy,
GROSSI  Paolo,No,,Italy,
HILL  Callum A S,Yes,,Slovenia,
PETRILLO  Marta,No,,Italy,
GROSSI  Paolo,No,,Italy,
GROSSI  Paolo,No,,Italy,
PETRILLO  Marta,No,,Italy,
ČÁPOVÁ  Kristýna,No,,Czech Republic,
VELEBIL  Lukáš,No,,Czech Republic,
DEMUTH  Jaroslav,No,,Czech Republic,
AZINOVIĆ  Boris,No,,Slovenia,
PAZLAR  Tomaž,No,,Slovenia,
GAMS  Matija,No,,Slovenia,
KWIECIEŃ  Arkadiusz,No,,Poland,
WECKENDORF  Jan,Yes,,Slovenia,
MILCH  Jaromír,No,,Czech Republic,
TIPPNER  Jan,No,,Czech Republic,
BRABEC  Martin,No,,Czech Republic,
KUNECKÁ  Jiří,No,,Czech Republic,
KLOIBER  Michal,No,,Czech Republic,
TIPPNER  Jan,No,,Czech Republic,
MILCH  Jaromír,No,,Czech Republic,
SEBERA  Václav,No,,Czech Republic,
BRABEC  Martin,No,,Czech Republic,
KUNECKY  Jiří,No,,Czech Republic,
KLOIBER  Michal,No,,Czech Republic,
KLOIBER  Michal,No,,Czech Republic,
TIPPNER  Jan,No,,Czech Republic,
REDON  Miguel,No,,Spain,
BRABEC  Martin,No,,Czech Republic,
DĚCKÁ  David,No,,Czech Republic,
ČERMÁK  Petr,No,,Czech Republic,
MILCH  Jaromír,No,,Czech Republic,
TIPPNER  Jan,No,,Czech Republic,
DUJIČ  Bruno,No,,Slovenia,
AICHER  Simon,No,,Germany,
KLOIBER  Michal,No,,Czech Republic,
KUNECKY  Jiří,No,,Czech Republic,
HRIVNÁK  Jaroslav,No,,Czech Republic,
TIPPNER  Jan,No,,Czech Republic,
TERDJIMI  Mehdi,No,,France,
MÉDINI  Lionel,No,,France,
LONDON  András,No,,Hungary,
NÉMETH  József,No,,Hungary,
BURUD  Ingunn,No,,Norway,
FLØ  A,No,,Norway,
THIIS  T,No,,Norway,
ROSS GOBAKKEN  Lone S,No,,Norway,
ORŁOWSKI  Kazimierz A,No,,Poland,
OCHRYMIUK  Tomasz,No,,Poland,
RIGGIO  Mariapaola,No,,United States,
KALLAB  Lara,No,,France,
CHBEIR  Richard,No,,France,
BOURREAU  Pierre,No,,France,
BRASSIER  Pascale,No,,France,
HARANT  Monika,No,,Germany,
SREENIVASA  Manish,No,,Germany,
MILLARD  Matthew,No,,Germany,
MOMBAUR  Katja,No,,Germany,
BENNARA  Mahdi,No,,France,
AMGHAR  Youssef,No,,France,
BENNARA  Mahdi,No,,France,
AMGHAR  Youssef,No,,France,
TERDJIMI  Mehdi,No,,France,
MÉDINI  Lionel,No,,France,
MALESHKOVA  Maria,No,,Germany,
KALLAB  Lara,No,,France,
CHBEIR  Richard,No,,France,
BOURREAU  Pierre,No,,France,
BEN LAMINE  Sana Ben Abdallah,No,,Tunisia,
ZGHAL  Hajer Baazaoui,No,,Tunisia,
GUEGAN  Ghedira,No,,France,
DIMITRIOU  Athanasios,No,,United Kingdom,
BURUD  Ingunn,No,,Norway,
THIIS  T,No,,Norway,
ROSS GOBAKKEN  Lone,No,,Norway,
ORMONDROYD  Graham Alan,No,,United Kingdom,
KRANIOTIS  Dimitrios,No,,Norway,
BABIČ  Jan,No,,Slovenia,
MOMBAUR  Katja,No,,Germany,
LEFEBER  Dirk,No,,Belgium,
DIEËN  Jaap van,No,,Netherlands,
GRAIMANN  Bernhard,No,,Germany,
RUSSOLD  Michael,No,,Austria,
HOUDIJK  Han,No,,Netherlands,
DE RIJCKE  L,No,,Belgium,
DE RIJCKE  L,No,,Belgium,
BABIČ  Jan  et al,No,,Slovenia,
SVENŠEK  Daniel,No,,Slovenia,
DUJIČ  Bruno,No,,Slovenia,
JANČAR  Jurij,No,,Slovenia,
STEPIŠNIK  Žiga,No,,Slovenia,
PICCHI  Gianni,No,,Italy,
GRIGOLATO  Stefano,No,,Italy,
PANZACCHI  Pietro,No,,Italy,
TOGNETTI  S,No,,Italy,
ALENCAR GAVRIC  Tatiana Abaurre,Yes,,Slovenia,
ZORKO  Martin,No,,Slovenia,
HIRSCH  Karmen,No,,Slovenia,
SUPEJ  Matej,No,,Slovenia,
SUPEJ  Matej,No,,Slovenia,
OGRIN  Jan,No,,Slovenia,
HOLMBERG  Hans-Christer,No,,Sweden,China
KOZINC  Žiga,No,,Slovenia,
PLEVNIK  Matej,No,,Slovenia,
ROŠKER  Jernej,No,,Slovenia,
PODREKAR  Nastja,Yes,,Slovenia,
ROŠKER  Jernej,No,,Slovenia,
MAVRIČ  Tim,Yes,,Slovenia,
EGRI  Péter,No,,Hungary,
KIS  Tamás,No,,Hungary,
BRZEZICKI  Marcin,No,,Poland,
XIE  Xinfeng,No,,United States,
WANG  Tianmiao,No,,United States,
WANG  Jingxin,No,,United States,
GOMBOC  Vanja,No,,Slovenia,
KROHNE  Nina,No,,Slovenia,
LAVRIČ  Meta,No,,Slovenia,
PODLOGAR  Tina,No,,Slovenia,
POŠTUVAN  Vita,No,,Slovenia,
ŠEDIVY  Nuša,No,,Slovenia,
ŠEDIVY  Nuša,No,,Slovenia,
ŽVELC  Gregor,No,,Slovenia,
MARS BITENC  Urša,No,,Slovenia,
TEKAVČIČ-GRAD  Onja,No,,Slovenia,
SONNEMANN  Guido,No,,France,
GEMECHU  E D,No,,France,
SALA  Servenela,No,,Italy,
SCHAU  Erwin Andreas Meissner,Yes,,Italy,
ALLACKER  Karen,No,,Belgium,
PANT  Rana,No,,Italy,
ADIBI  Naeem,No,,France,
VALDIVIA  Sonia,No,,Switzerland,
PLUHÁR  András,No,,Hungary,
MARTINEZ  Asier,No,,Spain,
EGÜÉS  Itziar,No,,Spain,
LABIDI  Jalel,No,,Spain,
FERNANDES  Susana C M,No,,France,
KERN  Helmut,No,,Austria,
ŠARABON  Nejc  et al,Yes,,Slovenia,
BURUD  Ingunn,No,,Norway,
SUTTIE  Ed,No,,United Kingdom,
HILL  Callum A S,No,,United Kingdom,Norway
SANDIN  Gustav,No,,Sweden,
GANNE-CHÉDEVILLE  Christelle,No,,Switzerland,
LOWRES  F,No,,United Kingdom,
DIAS  Ana Cláudia,No,,Portugal,
PRAUS  Luděk,No,,Czech Republic,
TIPPNER  Jan,No,,Czech Republic,
VOJÁČKOVÁ  Barbora,No,,Czech Republic,
BRABEC  Martin,No,,Czech Republic,
MILCH  Jaromír,No,,Czech Republic,
HORÁČEK  Petr,No,,Czech Republic,
ŠEVČÍK  David,No,,Czech Republic,
SANDBERG  Dick,No,,Sweden,
KARLSSON  Olov,No,,Sweden,
JONES  Dennis,No,,Sweden,
BRZEZICKI  Marcin,No,,Poland,
PETRAVIĆ  Luka,No,,Slovenia,
ARH  Rok,No,,Slovenia,
GABROVEC  Tina,No,,Slovenia,
JAZBEC  Lucija,No,,Slovenia,
RUPČIĆ  Nika,No,,Slovenia,
STAREŠINIČ  Nina,No,,Slovenia,
ZORMAN  Lea,No,,Slovenia,
ZWITTER  Matjaž,No,,Slovenia,
PRETNAR ŽAGAR  Ajda (sodelavec pri raziskavi),No,,Slovenia,
SRAKAR  Andrej (sodelavec pri raziskavi),No,,Slovenia,
ZORKO  Andraž (sodelavec pri raziskavi),No,,Slovenia,
ARHAR  Igor (sodelavec pri raziskavi),No,,Slovenia,
HOHKRAUT  Tomaž (sodelavec pri raziskavi),No,,Slovenia,
PETRAVIĆ  Luka,No,,Slovenia,
ARH  Rok,No,,Slovenia,
GABROVEC  Tina,No,,Slovenia,
JAZBEC  Lucija,No,,Slovenia,
RUPČIĆ  Nika,No,,Slovenia,
STAREŠINIČ  Nina,No,,Slovenia,
ZORMAN  Lea,No,,Slovenia,
ZWITTER  Matjaž,No,,Slovenia,
ZORKO  Andraž (sodelavec pri raziskavi),No,,Slovenia,
ARHAR  Igor (sodelavec pri raziskavi),No,,Slovenia,
HOHKRAUT  Tomaž (sodelavec pri raziskavi),No,,Slovenia,
PRETNAR ŽAGAR  Ajda (sodelavec pri raziskavi),No,,Slovenia,
SRAKAR  Andrej (sodelavec pri raziskavi),No,,Slovenia,
MAZANEC  Vojtěch,No,,Czech Republic,
MLEJNEK  Pavel,No,,Czech Republic,
VODIČKA  Aleš,No,,Czech Republic,
KNY  Martin,No,,Czech Republic,
ADAMOVSKÁ  Daniel,No,,Czech Republic,
DUJIČ  Bruno,No,,Slovenia,
ORŁOWSKI  Kazimierz A,No,,Poland,
RIGGIO  Mariapaola,No,,Italy,
ALLEGRETTI  Ottaviano,No,,Italy,
CERULLO  Sebastiano,No,,Italy,
FERRARI  Silvia,No,,Italy,
DEMŠAR Franci,No,,Slovenia,
LESJAK Dušan,No,,Slovenia,
KOHUN Frederick,No,,United States,
SKOVIRA Robert,No,,United States,
GORDOBIL Oihana,Yes,,Slovenia,
LI Huisi,No,,Sweden,
AYERDI IZQUIERDO Ana,No,,Spain,
EGIZABAL Ainhoa,No,,Spain,
SEVASTYANOVA Olena,No,,Sweden,
SANDAK Anna Malgorzata,Yes,,Slovenia,
HERRERA DIAZ Rene Alexander,Yes,,Slovenia,Spain
SANDAK Jakub Michal,Yes,,Slovenia,
HAEUSER Emily,No,,United States,
DE LEO Diego,Yes,,Australia,
SERFES Audrey L.,No,,United States,
CORK Michael A.,No,,United States,
YANG Mingyou,No,,United States,
ABBASTABAR Hedayat,No,,Iran,
ABHILASH E. S.,No,,India,
ADABI Maryam,No,,Iran,
ADEKANMBI Victor,No,,United Kingdom,
BOŽIČEVIĆ Ivana,No,,Croatia,
TYROVOLAS Stefanos,No,,Spain,
STERGACHIS Andy,,,United States,
KRISH Varsha Sarah,,,United States,
DE LEO Diego,Yes,,Slovenia,
CHATTERJI Somnath,,,Switzerland,
ALICANDRO Gianfranco,,,Italy,
LEONARDI Matilde,,,Italy,
LAURIOLA Paolo,,,Italy,
CAR Josip,No,,United Kingdom,
KASSEBAUM Nicholas J.,,,United States,
CASTELPIETRA Giulio,No,,Italy,
PIRKIS Jane,No,,Australia,
ROŠKAR Saška,No,,Slovenia,
HAWGOOD Jacinta L.,No,,Australia,
OWNSWORTH Tamara,No,,Australia,
KÖLVES Kairi,No,,Australia,
SPENCE Susan H.,No,,Australia,
ARENSMAN Ella,No,,Ireland,
VICENTINI Silvia,No,,Italy,
MERCURIO Arianna,No,,Italy,
ROMASCU Carolina,No,,Italy,
BATTAGLIA Martina,No,,Italy,
TRIBBIA Noemi,No,,Italy,
SIVIERO Francesca,No,,Italy,
GROSSI Antonello,No,,Italy,
MARTUCCI Maria Maddalena,No,,Italy,
GUARINO Annalisa,No,,Italy,
CONGREGALLI Benedetta,No,,Italy,
ZAMMARRELLI Josephine,No,,Italy,
VALLE Anna,No,,Italy,
PAOLONI Stefano,No,,Italy,
CIPOLLETTA Sabrina,No,,Italy,
KRYSINSKA Karolina,No,,Australia,
MATHIEU Sharna,No,,Australia,
TODOR Racquel,No,,Australia,
TORRES Marta,No,,Italy,
VIECELLI GIANNOTTI Andrea,No,,Italy,
TASSARA Laura,No,,Italy,
D%AMBROS Michela,No,,Italy,
CIPOLLETTA Sabrina,No,,Italy,
ROCKETT Ian Richard Hildreth,No,,United States,
JIA Haomiao,No,,United States,
BANERJEE Aniruddha,No,,United States,
NOLTE Kurt B.,No,,United States,
MILLER Ted R.,No,,United States,
LARKIN Gregory Luke,No,,United States,
STACK Steven,No,,United States,
CAINE Eric D.,No,,United States,
FROSTAD Joseph Jon,No,,United States,
TRAINI Eugenio,No,,Netherlands,
MORAWSKA Lidia,No,,Australia,
LA VECCHIA Carlo,No,,Italy,
CERIN Ester,No,,Australia,
SANTRIC-MILICEVIC Milena M,No,,Serbia,
RONFANI Luca,No,,Italy,
REINER Robert C,No,,United States,
BALCOMBE Luke,No,,Australia,
KHATCHERIAN Eugénie,No,,Switzerland,
ZULLINO Daniele,No,,Switzerland,
ACHAB Sophia,No,,Switzerland,
SOLMI Marco,No,,Canada,United Kingdom
ESTRADÉ Andrés,No,,United Kingdom,Uruguay
THOMPSON Trevor,No,,United Kingdom,
AGORASTOS Agorastos,No,,Greece,
RADUA Joaquim,No,,United Kingdom,Spain
WEISER Mark,No,,Israel,
DOMSCHKE Katharina,No,,Germany,
IGNJATOVIC-RISTIC Dragana,No,,Serbia,
HASLER Gregor,No,,Switzerland,
CORRELL Christoph U.,No,,United States,
TRABUCCHI Marco,No,,Italy,
DE MENDONÇA LIMA Carlos Augusto,No,,Switzerland,
IVBIJARO Gabriel,No,,Portugal,United Kingdom
ŠVAB Igor,No,,Slovenia,
STEPINAC Mislav,No,,Croatia,
BORAK Filip,No,,Croatia,
ŠUŠTERŠIČ Iztok,Yes,,Slovenia,
GAVRIĆ Igor,Yes,,Slovenia,
SCHAU Erwin Andreas Meissner,Yes,,Slovenia,
TAVZES Črtomir,Yes,,Slovenia,
PRELOVŠEK NIEMELÄ Eva,No,,Slovenia,
PEČNIK Jaka Gašper,Yes,,Slovenia,
DEVALLANCE David Brian,Yes,,Slovenia,United States
KUTNAR Andreja,Yes,,Slovenia,
POSAVČEVIĆ Marko,No,,Slovenia,
ROVERE Barbara,Yes,,Slovenia,
WECKENDORF Jan,Yes,,Slovenia,
VRHOVNIK Matevž,,,Slovenia,
LOVREČIĆ Martin,,,Slovenia,
LABIDI Jalel,No,,Spain,
PONNUCHAMY Veerapandian,Yes,,Slovenia,
USSHER Ebenezer,No,,Norway,
ARJOMANDI Kaveh,No,,Canada,
SMITH Ian,No,,Canada,
USSHER Ebenezer,,,Norway,
ARJOMANDI Kaveh,,,Canada,
ASLAM Sidra,Yes,,Slovenia,
BUKOVSZKI Viktor,No,,Hungary,
MRISSA Michael Nicolas,Yes,,Slovenia,
RAHIMI Sohrab,No,,United States,
DAHLE Gregory,No,,United States,
ECKENRODE Robert T.,,,United States,
SMILEY E. Thomas,,,United States,
HOLÁSKOVÁ Ida,,,United States,
ESAKKIMUTHU Esakkiammal Sudha,Yes,,Slovenia,
PYLYPCHUK Ievgen,,,Sweden,
MORENO Adrian,No,,Sweden,
SIPPONEN Mika H.,,,Sweden,
QUAN Peng,No,,United States,
WANG Chun-Long,,,Taiwan,China
ZHOU Jun,,,China,
XIA He,,,China,
LIU Yuanyue,,,United States,China
XIANJUN Li,,,China,
XIE Xinfeng,No,,United States,
ZOUARI Mariem,Yes,,Tunisia,
MARROT Laetitia Sarah Jennifer,Yes,,Slovenia,
MEILE Kristine,No,,Latvia,
ECKENRODE Robert T.,,,United States,
AZAMBUJA Rafael,No,,United States,
DEVALLANCE David Brian,Yes,,Slovenia,United States
MCNEEL Joseph,No,,United States,
HASSLER Curt,No,,United States,
BAJC ČESNIK Ana,No,,Slovenia,
DAROVIC Simona,No,,Slovenia,
PRPAR MIHEVC Sonja,No,,Slovenia,
ŠTALEKAR Maja,No,,Slovenia,
MALNAR Mirjana,No,,Slovenia,
MOTALN Helena,No,,Slovenia,
LEE Youn-Bok,No,,United Kingdom,South Korea
MAZEJ Julija,No,,Italy,Slovenia
POHLEVEN Jure,Yes,,Slovenia,
GROSCH Markus,No,,Germany,
MODIC Miha,No,,United Kingdom,
FONOVIĆ Marko,No,,Slovenia,
TURK Boris,No,,Slovenia,
DRUKKER Micha,No,,Netherlands,
SHAW Christopher E.,No,,United Kingdom,
ROGELJ Boris,No,,Slovenia,
MARROT Laetitia Sarah Jennifer,Yes,,Slovenia,
SERVAIS Pascal,,,France,
DURIF-VARAMBON Bruno,,,France,
MAURET Evelyne,,,France,
DESLOGES Isabelle,,,France,
BILOSLAVO Roberto,Yes,,Slovenia,
LOMBARDI Rosa,,,Italy,
HOJNIK Jana,No,,Slovenia,
CICERO Lucia,No,,Italy,
CAGNINA Maria Rosita,No,,Italy,
BAGNOLI Carlo,No,,Italy,
MASSARO Maurizio,No,,Italy,
COSENTINO Antonietta,No,,Italy,
MCKENNA Bernard,No,,Australia,
EDWARDS Mark,No,,Australia,
JANEŠ Aleksander,No,,Slovenia,
FAGANEL Armand,No,,Slovenia,
FAGANEL Armand,No,,Slovenia,
URAN MARAVIĆ Maja,No,,Slovenia,
TRNAVČEVIČ Anita,No,,Slovenia,
EDGAR David A.,,,United Kingdom,
BAGNOLI Carlo,,,Italy,
PEETERS Kelly,Yes,,Slovenia,
KRAMBERGER Katja,No,,Slovenia,
MIKLAVČIČ VIŠNJEVEC Ana,No,,Slovenia,
HROVATIN Niki,Yes,,Slovenia,
TOŠIĆ Aleksandar,Yes,,Slovenia,
KAVŠEK Branko,No,,Slovenia,
ŠARABON Nejc,Yes,,Slovenia,
MILINOVIĆ Ivan,No,,Croatia,
DOLENEC Aleš,No,,Slovenia,
KOZINC Žiga,No,,Slovenia,
BABIĆ Vesna,No,,Croatia,
PLEŠA Jernej,No,,Slovenia,
DJURIĆ Daniel,No,,Slovenia,
ZERBO ŠPORIN Dorjana,No,,Slovenia,
PRIJON Ticijana,No,,Slovenia,
RUBINI Morandise,No,,France,
CLOPEAU Armand,,,France,
DUMARCAY Stephane,,,France,
GÉRARDIN Philippe,,,France,
CHARRIER Bertrand,,,France,
BAO Ran,No,,Australia,
CHEN Sitong,No,,China,
KASTELIC Kaja,Yes,,Slovenia,
DRENOWATZ Clemens,No,,Austria,
LI Minghui,No,,China,
ZHANG Jialin,No,,China,
WANG Lei,No,,China,
STARBEK Petra,No,,Slovenia,
SAJINČIČ Nežka,Yes,,Slovenia,
ISTENIČ Andreja,No,,Slovenia,
KAMBIČ Tim,No,,Slovenia,
HADŽIĆ Vedran,No,,Slovenia,
LAINŠČAK Mitja,No,,Slovenia,
PAVLOVIĆ Monika,No,,Slovenia,
OGRINC Nina,No,,Slovenia,
VOGLAR Matej,No,,Slovenia,
VATOVEC Rok,No,,Slovenia,
BAKER Paul,No,,United Kingdom,
KRIENKE Dominik,No,,Germany,
PRESKETT Dave,No,,United Kingdom,
SCHWARZKOPF Matthew,Yes,,Slovenia,
CHARLTON Adam,No,,United Kingdom,
HAN Lei,Yes,,China,Slovenia
COUCEIRO José,No,,Spain,
SANDBERG Dick,No,,Sweden,
PICHLER Gerhard,No,,Austria,
PICCHI Gianni,No,,Italy,
KASTNER Maximilian,No,,Austria,
GRAIFENBERG Diego,No,,Italy,
STAMPFER Karl,No,,Austria,
KÜHMAIER Martin,No,,Austria,
MA Te,No,,Japan,
SCHIMLECK Laurence,No,,United States,
DAHLEN Joseph,No,,United States,
YOON Seung-Chul,No,,United States,
INAGAKI Tetsuya,No,,Japan,
TSUCHIKAWA Satoru,No,,Japan,
RIGGIO Mariapaola,No,,United States,
KRÉSZ Miklós Ferenz,Yes,,Hungary,Slovenia
VCELAK Jan,Yes,,Slovenia,Czech Republic
SAŠEK Matic,Yes,,Slovenia,
MIRKOV Dragan,No,,Serbia,
HODŽIĆ Vedran,No,,Slovenia,
SMAJLA Darjan,Yes,,Slovenia,
SPUDIĆ Darjan,No,,Slovenia,
GONZALEZ Marc Elmeneua,No,,Slovenia,
JANIĆIJEVIĆ Danica,No,,Serbia,
PEREZ-CASTILLA Alejandro,No,,Spain,
FERNANDEZ-REVELLES Andres,No,,Spain,
GARCÍA RAMOS Amador,No,,Spain,
OCHIENG Peter Juma,No,,Hungary,
LONDON András,No,,Hungary,
KAVKLER Katja,No,,Slovenia,
DEMŠAR Andrej,No,,Slovenia,
GOSTINČAR Cene,No,,Slovenia,
ZALAR Polona,No,,Slovenia,
BURNARD Michael David,Yes,,Slovenia,
PEDIŠIĆ Željko,No,,Australia,
JUTRAŽ Anja,No,,Slovenia,
MALOVRH REBEC Katja,No,,Slovenia,
OOSTWEGEL Laurens Jozef Nicolaas,No,,Slovenia,
KUKEC Andreja,No,,Slovenia,
LIPOVAC Dean,Yes,,Slovenia,
ŽITNIK Jure,Yes,,Slovenia,
VOR HOOREN Bas,No,,Netherlands,
ČUROVIĆ Luka,No,,Slovenia,
MUROVEC Jure,No,,Slovenia,
NOVAKOVIĆ Tadej,No,,Slovenia,
PRISLAN Rok,Yes,,Slovenia,
PREZELJ Jurij,No,,Slovenia,
HERRERA DIAZ Rene Alexander,Yes,,Slovenia,Spain
HERMOSO Eva,No,,Spain,
LABIDI Jalel,No,,Spain,
FERNÁNDEZ-GOLFÍN Covadonga,No,,Spain,
GONZÁLES Marc Elmeua,No,,Slovenia,
KOVÁCS László,No,,Hungary,
BÓTA András,No,,Hungary,Sweden
MARUŠIČ Jan,No,,Slovenia,
CAMPOS MIJANGOS Cuauhtli,No,,Slovenia,
KLJUN Matjaž,No,,Slovenia,
ČOPIČ PUCIHAR Klen,No,,Slovenia,
STARMAN Vesna,Yes,,Slovenia,
BIRSA Eda,No,,Slovenia,
VIČIČ Jernej,No,,Slovenia,
PRIMOŽIČ Lea,Yes,,Slovenia,
KOZLOVIČ Peter,No,,Slovenia,
FONDA Borut,No,,Slovenia,
ŽELEZNIK Petra,No,,Slovenia,
SLAK Vita,No,,Slovenia,
LEBAN Žiga,No,,Slovenia,
BALOGH János,No,,Hungary,
TÓTH Attila,No,,Hungary,
TÓTH László,No,,Hungary,
PONDELAK Andreja,No,,Slovenia,
SEBERA Václav,Yes,,Slovenia,Czech Republic
PODREKAR Nastja,Yes,,Slovenia,
CHANG Tingru,No,,Sweden,
BUTINA Karen,Yes,,Sweden,
HERTING Gunilla,No,,Sweden,
KUTTUVA RAJARAO Gunaratna,No,,Sweden,
RICHTER-DAHLFORS Agneta,No,,Sweden,
BLOMBERG Eva,No,,Sweden,
ODNEVALL WALLINDER Inger,No,,Sweden,
LEYGRAF Christofer,No,,Sweden,
SEPATI Matteo,No,,Italy,
LEYGRAF C.,No,,Sweden,
MARINOU Giorgos,No,,Germany,
MILLARD Matthew,No,,Germany,
MOMBAUR Katja,No,,Germany,
TOMAC Ana,No,,Sweden,
CHOONG Ferdinand X.,No,,Sweden,
SHIRANI Hamid,No,,Sweden,
NILSSON K. Peter R.,No,,Sweden,Australia
LÖFFLER Susanne,No,,Sweden,
BUTINAR Bojan,No,,Slovenia,
BUČAR-MIKLAVČIČ Milena,No,,Slovenia,
GORBATSOVA Jelena,No,,Estonia,
SAAR-REISMAA Piret,No,,Estonia,
KALJURAND Mihkel,No,,Estonia,
RHEN Mikael,No,,Sweden,
KEJŽAR Luka,No,,Slovenia,
KRIŽAJ Luka,No,,Slovenia,
LOEFLER Stefan,No,,Austria,
ČRETNIK Klemen,No,,Slovenia,
VAJDA Matej,,,Slovakia,
ORESKÁ L'udmila,,,Slovakia,
ČERNAČKOVA Alena,No,,Slovakia,
ČUPKA Martin,No,,Slovakia,
POVŠIČ Timej,No,,Slovenia,
WEINGERL Iva,No,,Slovenia,
MANOJLOVIĆ Denisa,No,,Slovenia,
KOŽUH Martin,No,,Slovenia,
SMAJLA Darjan,Yes,,Slovenia,
BABIČ Jan,No,,Slovenia,
LAFFRANCHI Matteo,No,,Italy,
TESSARI Federico,No,,Italy,
VERSTRATEN Tom,No,,Belgium,
NOVAK Vesna D.,No,,United States,
UGURLU Barkan,No,,Turkey,
PETERNEL Luka,No,,Netherlands,Slovenia
TORRICELLI Diego,No,,Spain,
VENEMAN Jan F.,No,,Switzerland,
KINGMA Idsart,No,,Netherlands,
DIEËN Jaap H. van,No,,Netherlands,
KO In-Young,No,,South Korea,
SRIVASTAVA Abhishek,No,,India,
ŐSZ Olivér,No,,Hungary,
GARAB József,No,,Hungary,
HEGYHÁTI Máté,No,,Hungary,
KAVKA Urban,Yes,,Slovenia,
ASADA Raphael,No,,Austria,
SLAVEC Ana,Yes,,Slovenia,
CARDELLINI Giuseppe,No,,Belgium,
BALDOUSKI Daniil,No,,Slovenia,
ŠTEBE Janez,No,,Slovenia,
ŠOŠTARIČ Mojca,No,,Slovenia,
IWANOWSKA Magdalena,No,,Poland,
BAŁANDYNOWICZ-PANFIL Katarzyna,No,,Poland,
ŁOSIEWICZ Malgorzata,No,,Poland,
OLAH Serban,No,,Romania,
POREDOŠ David,No,,Slovenia,
MARC Mitja,No,,Slovenia,
PERKOVIČ Andreja,Yes,,Slovenia,
KNEZEVIC Olivera M.,No,,Serbia,
ČOH Milan,No,,Slovenia,
DÖMÖSI Pál,No,,Hungary,
DIENE Adama,No,,United Arab Emirates,
KAVKA Urban,Yes,,Slovenia,
BANGERT Daniel,No,,Germany,
DAVIDSON Joy,No,,United Kingdom,
DIGGS Steve,No,,United States,
GROOTVELD Marjan,No,,Netherlands,
MUFTIĆ Sanjin,No,,South Africa,
PISONI Cristiana,No,,Italy,
SHANAHAN Hugh,No,,United Kingdom,
SITZ Lina,No,,Italy,
SEANG Sothearath,No,,France,
VENKATARAMAN Shanmugasundaram,No,,United Kingdom,
TAKTAK Hela,No,,France,
BOUKADI Khouloud,No,,Tunisia,
GUEGAN Chirine Ghedira,No,,France,
GARGOURI Faiez,No,,Tunisia,
ZITEK Andreas,No,,Austria,
HINTESTOISSER Barbara,No,,Austria,
COCCHI Marina,No,,Italy,
ČÁPOVÁ Kristýna,No,,Czech Republic,
VELEBIL Lukáš,No,,Czech Republic,
VCELAK Jan,Yes,,Slovenia,Czech Republic
DVOŘÁK Milan,No,,Czech Republic,
ŠAŠEK Ladislav,No,,Czech Republic,
KUTNIK Magdalena,No,,France,
PAULMIER Ivan,No,,France,
BRUNET Cecile,No,,France,
PETRILLO Marta,No,,Italy,
GROSSI Paolo,No,,Italy,
PEETERS Kelly,Yes,,Slovenia,
LARNØY Erik,No,,Norway,
HILL Callum A. S.,No,,United Kingdom,
KALLAB Lara,No,,France,
CHBEIR Richard,No,,France,
TAKTAK Hela,No,,France,
BOUKADI Khouloud,No,,Tunisia,
GUEGAN Chirine Ghedira,No,,France,
SEKKAL Nawel,No,,Algeria,
BENSLIMANE Sidi Mohamed,No,,Algeria,
MRISSA Michael Nicolas,Yes,,Slovenia,
BOUDAA Boudjemaa,No,,Algeria,
JOHNSON Sherri L.,No,,United States,
SKAUGSET Arne E.,No,,United States,
SIMMONS Amy Noel,Yes,,Slovenia,
ASHKENAS Linda R.,No,,United States,
BLADON Kevin,No,,United States,
COOK Nicholas John,No,,United Kingdom,
LIGHT Jeffery,No,,United States,
SEGURA Catalina,No,,United States,
HALE V. Cody,No,,United States,
LEER David,No,,United States,
GARLAN Tina,No,,United States,
ICE George G.,No,,United States,
HROVATIN Niki,Yes,,Slovenia,
IWANOVSKA Magdalena,No,,Poland,
ZORKO Andraž,No,,Slovenia,
MARKOVIĆ Goran,No,,Croatia,
TROŠT Andrej,No,,Slovenia,
PAŠČINSKI Uroš,No,,Slovenia,
STANKOVSKI Vlado,No,,Slovenia,
ŠUŠTERŠIČ Iztok,Yes,,Slovenia,
BREŽNIK Janez,No,,Slovenia,
